sample,spread_bucket,model,horizon_kind,horizon_value,development_first_date,development_last_date,selection_first_date,selection_last_date,test_first_date,test_last_date,development_observations,selection_observations,test_observations,selection_roc_auc,selection_log_loss,selection_brier_score,selection_relative_brier_reduction,test_roc_auc,test_log_loss,test_brier_score,test_accuracy,test_relative_brier_reduction,intercept,queue_coefficient,ofi_coefficient,selected_fixed_on_train_dates
best_quote_updates,all_spreads,ofi,clock_us,10,2019-01-02,2019-08-06,2019-08-07,2019-10-17,2019-10-18,2019-12-31,17143017,4701842,5489604,0.5950971251792475,0.6818587959806122,0.2442782980117566,0.0230251902786347,,,,,,,,,False
best_quote_updates,all_spreads,ofi,clock_us,100,2019-01-02,2019-08-06,2019-08-07,2019-10-17,2019-10-18,2019-12-31,17143017,4701842,5489604,0.6048848384343488,0.6769919395109181,0.24200757499849715,0.03210679597945021,,,,,,,,,False
best_quote_updates,all_spreads,ofi,clock_us,1000,2019-01-02,2019-08-06,2019-08-07,2019-10-17,2019-10-18,2019-12-31,17143017,4701842,5489604,0.6124037769419014,0.6744100782200213,0.24074390488198,0.037160760583278774,,,,,,,,,False
best_quote_updates,all_spreads,ofi,clock_us,10000,2019-01-02,2019-08-06,2019-08-07,2019-10-17,2019-10-18,2019-12-31,17143017,4701842,5489604,0.6142665492731497,0.6742264829300024,0.24063705334416918,0.03758810620370745,0.6118681529438086,0.6747809548536624,0.240920544596789,0.5849897369646335,0.036403914316213815,-0.007975117812704905,,0.7410372707509394,True
best_quote_updates,all_spreads,ofi,price_spell,0,2019-01-02,2019-08-06,2019-08-07,2019-10-17,2019-10-18,2019-12-31,17143017,4701842,5489604,0.6104059311723765,0.6689053482746912,0.23813553810752563,0.04759275005552144,0.6161326269477502,0.6636469268990998,0.23600239964423972,0.5682584754747337,0.05607473663248186,-0.006306315607543829,,2.423388298617493,False
best_quote_updates,all_spreads,ofi,quote_updates,1,2019-01-02,2019-08-06,2019-08-07,2019-10-17,2019-10-18,2019-12-31,17143017,4701842,5489604,0.578553265639009,0.6865602977627574,0.24663439765081793,0.013602126440005025,,,,,,,,,False
best_quote_updates,all_spreads,ofi,quote_updates,5,2019-01-02,2019-08-06,2019-08-07,2019-10-17,2019-10-18,2019-12-31,17143017,4701842,5489604,0.6090196037325175,0.6754152943503537,0.24122829821737177,0.035223461647898247,,,,,,,,,False
best_quote_updates,all_spreads,ofi,quote_updates,20,2019-01-02,2019-08-06,2019-08-07,2019-10-17,2019-10-18,2019-12-31,17143017,4701842,5489604,0.6078595831413891,0.6754618166789996,0.2412260231239123,0.03523256073290815,,,,,,,,,False
best_quote_updates,all_spreads,ofi,quote_updates,100,2019-01-02,2019-08-06,2019-08-07,2019-10-17,2019-10-18,2019-12-31,17143017,4701842,5489604,0.5612111099291754,0.6872881559093902,0.24707722160088316,0.011831081497100548,,,,,,,,,False
best_quote_updates,all_spreads,queue_and_ofi,clock_us,10,2019-01-02,2019-08-06,2019-08-07,2019-10-17,2019-10-18,2019-12-31,17143017,4701842,5489604,0.6003079969014266,0.6809201694734481,0.24372964376520986,0.02521949645517818,,,,,,,,,False
best_quote_updates,all_spreads,queue_and_ofi,clock_us,100,2019-01-02,2019-08-06,2019-08-07,2019-10-17,2019-10-18,2019-12-31,17143017,4701842,5489604,0.6097477669628514,0.676512861475693,0.2416821101624263,0.03340847094967614,,,,,,,,,False
best_quote_updates,all_spreads,queue_and_ofi,clock_us,1000,2019-01-02,2019-08-06,2019-08-07,2019-10-17,2019-10-18,2019-12-31,17143017,4701842,5489604,0.6165386601825155,0.6737095618465497,0.24032981233662354,0.038816896183532346,,,,,,,,,False
best_quote_updates,all_spreads,queue_and_ofi,clock_us,10000,2019-01-02,2019-08-06,2019-08-07,2019-10-17,2019-10-18,2019-12-31,17143017,4701842,5489604,0.6170163260909818,0.673245796772785,0.24011570961217693,0.039673185793291266,0.6128491825170975,0.6748734963258384,0.2409170390549676,0.5851485826664364,0.03641793523079784,-0.005785872074069737,0.3346283462684203,0.7043606506927428,True
best_quote_updates,all_spreads,queue_and_ofi,price_spell,0,2019-01-02,2019-08-06,2019-08-07,2019-10-17,2019-10-18,2019-12-31,17143017,4701842,5489604,0.623331044047456,0.6680824247246443,0.23765485575486625,0.04951520716222357,0.626762264854621,0.6638665129858572,0.23599256116757628,0.5839563290904043,0.0561140870233664,-0.003946230047969908,0.280973723575477,2.2770411109335558,False
best_quote_updates,all_spreads,queue_and_ofi,quote_updates,1,2019-01-02,2019-08-06,2019-08-07,2019-10-17,2019-10-18,2019-12-31,17143017,4701842,5489604,0.5830048614772658,0.6850174777182106,0.24585083268103514,0.01673594243384735,,,,,,,,,False
best_quote_updates,all_spreads,queue_and_ofi,quote_updates,5,2019-01-02,2019-08-06,2019-08-07,2019-10-17,2019-10-18,2019-12-31,17143017,4701842,5489604,0.6084609081853951,0.6755923509011809,0.24130609524303936,0.03491231761681923,,,,,,,,,False
best_quote_updates,all_spreads,queue_and_ofi,quote_updates,20,2019-01-02,2019-08-06,2019-08-07,2019-10-17,2019-10-18,2019-12-31,17143017,4701842,5489604,0.6107919873209455,0.6746357921015872,0.24084333425899512,0.03676309940141853,,,,,,,,,False
best_quote_updates,all_spreads,queue_and_ofi,quote_updates,100,2019-01-02,2019-08-06,2019-08-07,2019-10-17,2019-10-18,2019-12-31,17143017,4701842,5489604,0.5763938741046649,0.6843813952819491,0.2456481445049071,0.017546580316611604,,,,,,,,,False
best_quote_updates,one_tick,ofi,clock_us,10,2019-01-02,2019-08-06,2019-08-07,2019-10-17,2019-10-18,2019-12-31,328448,61090,61829,0.6423495201727402,0.6626258544505962,0.23523448129184243,0.058524837344984926,,,,,,,,,False
best_quote_updates,one_tick,ofi,clock_us,100,2019-01-02,2019-08-06,2019-08-07,2019-10-17,2019-10-18,2019-12-31,328448,61090,61829,0.6455143308193204,0.6592504737607195,0.23373584285452456,0.06452281374192503,0.6838724180646224,0.6387687828001142,0.22414062801101456,0.6313542188940465,0.10328079107557608,-0.017514392088985108,,1.4972747631176784,True
best_quote_updates,one_tick,ofi,clock_us,1000,2019-01-02,2019-08-06,2019-08-07,2019-10-17,2019-10-18,2019-12-31,328448,61090,61829,0.6449145429910551,0.6634092294185325,0.23547029250414686,0.05758105394111945,,,,,,,,,False
best_quote_updates,one_tick,ofi,clock_us,10000,2019-01-02,2019-08-06,2019-08-07,2019-10-17,2019-10-18,2019-12-31,328448,61090,61829,0.6343772333135893,0.668101902195049,0.23759479202389458,0.04907820384902972,,,,,,,,,False
best_quote_updates,one_tick,ofi,price_spell,0,2019-01-02,2019-08-06,2019-08-07,2019-10-17,2019-10-18,2019-12-31,328448,61090,61829,0.675179816021568,0.6393374049779751,0.22472014639705915,0.10060618996349957,0.6937932857209639,0.6279981202391339,0.21980876097404495,0.601643241844442,0.12061128763493378,0.02247397014578944,,2.764859571115779,False
best_quote_updates,one_tick,ofi,quote_updates,1,2019-01-02,2019-08-06,2019-08-07,2019-10-17,2019-10-18,2019-12-31,328448,61090,61829,0.628452338879327,0.6703890968598276,0.23885788675371367,0.044022940225795115,,,,,,,,,False
best_quote_updates,one_tick,ofi,quote_updates,5,2019-01-02,2019-08-06,2019-08-07,2019-10-17,2019-10-18,2019-12-31,328448,61090,61829,0.6388409011153272,0.6646225390203554,0.2358997862671703,0.05586209799477515,,,,,,,,,False
best_quote_updates,one_tick,ofi,quote_updates,20,2019-01-02,2019-08-06,2019-08-07,2019-10-17,2019-10-18,2019-12-31,328448,61090,61829,0.6050041821859427,0.6767700074136863,0.24183317361326234,0.03211499771389925,,,,,,,,,False
best_quote_updates,one_tick,ofi,quote_updates,100,2019-01-02,2019-08-06,2019-08-07,2019-10-17,2019-10-18,2019-12-31,328448,61090,61829,0.5319652713669558,0.6910831771637501,0.2489647667655281,0.0035723377001709578,,,,,,,,,False
best_quote_updates,one_tick,queue_and_ofi,clock_us,10,2019-01-02,2019-08-06,2019-08-07,2019-10-17,2019-10-18,2019-12-31,328448,61090,61829,0.6574865710877194,0.6585865742674887,0.2326749732483225,0.06876871502123494,,,,,,,,,False
best_quote_updates,one_tick,queue_and_ofi,clock_us,100,2019-01-02,2019-08-06,2019-08-07,2019-10-17,2019-10-18,2019-12-31,328448,61090,61829,0.662407257550475,0.6571518902753786,0.2318576826279253,0.07203974406234015,,,,,,,,,False
best_quote_updates,one_tick,queue_and_ofi,clock_us,1000,2019-01-02,2019-08-06,2019-08-07,2019-10-17,2019-10-18,2019-12-31,328448,61090,61829,0.6635250924121403,0.6563951314801922,0.23160930711351896,0.07303381336944614,0.7146672400776765,0.6225448878918451,0.21604439866242764,0.6685374177166055,0.13567136854990502,-0.020979481203064147,0.6586107264902358,1.0994619327573836,True
best_quote_updates,one_tick,queue_and_ofi,clock_us,10000,2019-01-02,2019-08-06,2019-08-07,2019-10-17,2019-10-18,2019-12-31,328448,61090,61829,0.6571936131299079,0.6594729963364562,0.23308404966141416,0.06713147510454098,,,,,,,,,False
best_quote_updates,one_tick,queue_and_ofi,price_spell,0,2019-01-02,2019-08-06,2019-08-07,2019-10-17,2019-10-18,2019-12-31,328448,61090,61829,0.7082846481212568,0.6241427417071372,0.21745719432825217,0.1296745856459005,0.7522882632135836,0.5953650611275216,0.2043721302472465,0.68288343657507,0.18236860230219254,0.01242732894821829,0.7668729576012506,2.691641911330087,False
best_quote_updates,one_tick,queue_and_ofi,quote_updates,1,2019-01-02,2019-08-06,2019-08-07,2019-10-17,2019-10-18,2019-12-31,328448,61090,61829,0.6350044003401343,0.667325258020323,0.23717220904088493,0.05076950089221577,,,,,,,,,False
best_quote_updates,one_tick,queue_and_ofi,quote_updates,5,2019-01-02,2019-08-06,2019-08-07,2019-10-17,2019-10-18,2019-12-31,328448,61090,61829,0.6534017764816389,0.6594776872715759,0.23327865193733813,0.06635262156073929,,,,,,,,,False
best_quote_updates,one_tick,queue_and_ofi,quote_updates,20,2019-01-02,2019-08-06,2019-08-07,2019-10-17,2019-10-18,2019-12-31,328448,61090,61829,0.6375930391915603,0.6666181000584499,0.2368330311257158,0.052126987180361795,,,,,,,,,False
best_quote_updates,one_tick,queue_and_ofi,quote_updates,100,2019-01-02,2019-08-06,2019-08-07,2019-10-17,2019-10-18,2019-12-31,328448,61090,61829,0.6083734043396807,0.6785467287444843,0.2427242369940728,0.028548709146095086,,,,,,,,,False
best_quote_updates,over_ten_ticks,ofi,clock_us,10,2019-01-02,2019-08-06,2019-08-07,2019-10-17,2019-10-18,2019-12-31,8650007,1521663,2720784,0.5500998784497235,0.6914645163531514,0.24910115391171064,0.003889079197430534,,,,,,,,,False
best_quote_updates,over_ten_ticks,ofi,clock_us,100,2019-01-02,2019-08-06,2019-08-07,2019-10-17,2019-10-18,2019-12-31,8650007,1521663,2720784,0.5577487714280281,0.6887912268541059,0.24781725662155626,0.009023154619517304,,,,,,,,,False
best_quote_updates,over_ten_ticks,ofi,clock_us,1000,2019-01-02,2019-08-06,2019-08-07,2019-10-17,2019-10-18,2019-12-31,8650007,1521663,2720784,0.5676504627143039,0.6864943066028572,0.24668720524245247,0.013542027784562038,,,,,,,,,False
best_quote_updates,over_ten_ticks,ofi,clock_us,10000,2019-01-02,2019-08-06,2019-08-07,2019-10-17,2019-10-18,2019-12-31,8650007,1521663,2720784,0.5789694479083977,0.6843985373443783,0.2456470068269634,0.017701595033445483,,,,,,,,,False
best_quote_updates,over_ten_ticks,ofi,price_spell,0,2019-01-02,2019-08-06,2019-08-07,2019-10-17,2019-10-18,2019-12-31,8650007,1521663,2720784,0.5814641897460731,0.6798332218565304,0.2433198625513636,0.027007428389920984,0.5847438803846737,0.6770394436104222,0.24213813625863628,0.5494423666119765,0.031561131837697376,-0.013451693454876672,,2.0682174222086833,False
best_quote_updates,over_ten_ticks,ofi,quote_updates,1,2019-01-02,2019-08-06,2019-08-07,2019-10-17,2019-10-18,2019-12-31,8650007,1521663,2720784,0.5333738656233816,0.6936910620095926,0.2502337150396599,-0.0006398300039560656,,,,,,,,,False
best_quote_updates,over_ten_ticks,ofi,quote_updates,5,2019-01-02,2019-08-06,2019-08-07,2019-10-17,2019-10-18,2019-12-31,8650007,1521663,2720784,0.5862800212476769,0.6825371352139814,0.24472587506050789,0.021385036067964824,,,,,,,,,False
best_quote_updates,over_ten_ticks,ofi,quote_updates,20,2019-01-02,2019-08-06,2019-08-07,2019-10-17,2019-10-18,2019-12-31,8650007,1521663,2720784,0.6111004891320926,0.6754858405530337,0.2412294458829169,0.03536663042398924,0.5971907218200747,0.6787237130538091,0.24283292965030884,0.5806466077424742,0.028782284456468576,-0.01691496997044391,,0.4650380521758966,True
best_quote_updates,over_ten_ticks,ofi,quote_updates,100,2019-01-02,2019-08-06,2019-08-07,2019-10-17,2019-10-18,2019-12-31,8650007,1521663,2720784,0.5730579643182953,0.6855717150703537,0.24622248515849327,0.015400360206868413,,,,,,,,,False
best_quote_updates,over_ten_ticks,queue_and_ofi,clock_us,10,2019-01-02,2019-08-06,2019-08-07,2019-10-17,2019-10-18,2019-12-31,8650007,1521663,2720784,0.5755835600681369,0.6870449652212762,0.246855855275826,0.012867626492560458,,,,,,,,,False
best_quote_updates,over_ten_ticks,queue_and_ofi,clock_us,100,2019-01-02,2019-08-06,2019-08-07,2019-10-17,2019-10-18,2019-12-31,8650007,1521663,2720784,0.5806781720145016,0.6847593358915396,0.24577173243953127,0.01720283963696645,,,,,,,,,False
best_quote_updates,over_ten_ticks,queue_and_ofi,clock_us,1000,2019-01-02,2019-08-06,2019-08-07,2019-10-17,2019-10-18,2019-12-31,8650007,1521663,2720784,0.5869251916532305,0.6825882689001785,0.24472355937445084,0.02139429608195642,,,,,,,,,False
best_quote_updates,over_ten_ticks,queue_and_ofi,clock_us,10000,2019-01-02,2019-08-06,2019-08-07,2019-10-17,2019-10-18,2019-12-31,8650007,1521663,2720784,0.5933535256293891,0.6805148297468026,0.2437124902679021,0.025437380439069845,,,,,,,,,False
best_quote_updates,over_ten_ticks,queue_and_ofi,price_spell,0,2019-01-02,2019-08-06,2019-08-07,2019-10-17,2019-10-18,2019-12-31,8650007,1521663,2720784,0.6028691377299169,0.6769671300938574,0.24191311205231855,0.03263277180137647,0.5984245576216106,0.6762916007020021,0.24172422773861374,0.5670527318596404,0.03321657159967384,-0.010625905395069725,0.29854853302168977,1.8557349174068067,False
best_quote_updates,over_ten_ticks,queue_and_ofi,quote_updates,1,2019-01-02,2019-08-06,2019-08-07,2019-10-17,2019-10-18,2019-12-31,8650007,1521663,2720784,0.565110957127919,0.6884204637492836,0.24758919668952648,0.009935125460779903,,,,,,,,,False
best_quote_updates,over_ten_ticks,queue_and_ofi,quote_updates,5,2019-01-02,2019-08-06,2019-08-07,2019-10-17,2019-10-18,2019-12-31,8650007,1521663,2720784,0.5938419776419869,0.6799694520760157,0.24346276355365454,0.026435992863668933,,,,,,,,,False
best_quote_updates,over_ten_ticks,queue_and_ofi,quote_updates,20,2019-01-02,2019-08-06,2019-08-07,2019-10-17,2019-10-18,2019-12-31,8650007,1521663,2720784,0.6156969652563692,0.6731754783997322,0.2401333653876725,0.039749660105893425,0.5999191180075724,0.6782914441031259,0.24263129670275063,0.5743693729454451,0.029588721585847022,-0.013906923434137615,0.3316273955336073,0.41712239093160713,True
best_quote_updates,over_ten_ticks,queue_and_ofi,quote_updates,100,2019-01-02,2019-08-06,2019-08-07,2019-10-17,2019-10-18,2019-12-31,8650007,1521663,2720784,0.5905615018181247,0.6806934556699553,0.24383062465831243,0.0249649821600485,,,,,,,,,False
best_quote_updates,six_to_ten_ticks,ofi,clock_us,10,2019-01-02,2019-08-06,2019-08-07,2019-10-17,2019-10-18,2019-12-31,5294290,1923916,1794330,0.6039414684026392,0.6820440378140852,0.2440946729394133,0.023745367886864432,,,,,,,,,False
best_quote_updates,six_to_ten_ticks,ofi,clock_us,100,2019-01-02,2019-08-06,2019-08-07,2019-10-17,2019-10-18,2019-12-31,5294290,1923916,1794330,0.6176355856408041,0.6742494349746965,0.24056577264512705,0.03785917552173024,,,,,,,,,False
best_quote_updates,six_to_ten_ticks,ofi,clock_us,1000,2019-01-02,2019-08-06,2019-08-07,2019-10-17,2019-10-18,2019-12-31,5294290,1923916,1794330,0.6253647546086768,0.6707162375904833,0.23888024906345048,0.04460041319124741,,,,,,,,,False
best_quote_updates,six_to_ten_ticks,ofi,clock_us,10000,2019-01-02,2019-08-06,2019-08-07,2019-10-17,2019-10-18,2019-12-31,5294290,1923916,1794330,0.6269537233967541,0.6701300858579134,0.23860495295383896,0.04570145771210721,0.6407001618590894,0.6648944314356879,0.2360762373258515,0.6109422458522122,0.055792865147570314,-0.004009156064806266,,0.8507224854890442,True
best_quote_updates,six_to_ten_ticks,ofi,price_spell,0,2019-01-02,2019-08-06,2019-08-07,2019-10-17,2019-10-18,2019-12-31,5294290,1923916,1794330,0.6104781346578322,0.6701338500444247,0.23845560425126694,0.04629877661681836,0.6325077204197468,0.656224549891943,0.23262665274992034,0.5769206333283176,0.06958977417054557,-0.003931352117880757,,2.513414975116852,False
best_quote_updates,six_to_ten_ticks,ofi,quote_updates,1,2019-01-02,2019-08-06,2019-08-07,2019-10-17,2019-10-18,2019-12-31,5294290,1923916,1794330,0.5882808168751396,0.6862279142288744,0.24630550846436866,0.01490314943085691,,,,,,,,,False
best_quote_updates,six_to_ten_ticks,ofi,quote_updates,5,2019-01-02,2019-08-06,2019-08-07,2019-10-17,2019-10-18,2019-12-31,5294290,1923916,1794330,0.6157707264058625,0.6729740208323541,0.2400268380002775,0.04001464019084733,,,,,,,,,False
best_quote_updates,six_to_ten_ticks,ofi,quote_updates,20,2019-01-02,2019-08-06,2019-08-07,2019-10-17,2019-10-18,2019-12-31,5294290,1923916,1794330,0.6090079919106999,0.6747955466196088,0.2408987531206287,0.03652742285504118,,,,,,,,,False
best_quote_updates,six_to_ten_ticks,ofi,quote_updates,100,2019-01-02,2019-08-06,2019-08-07,2019-10-17,2019-10-18,2019-12-31,5294290,1923916,1794330,0.5577536720073771,0.6878409016996454,0.24735261038230286,0.010715273942351167,,,,,,,,,False
best_quote_updates,six_to_ten_ticks,queue_and_ofi,clock_us,10,2019-01-02,2019-08-06,2019-08-07,2019-10-17,2019-10-18,2019-12-31,5294290,1923916,1794330,0.6090449752802478,0.6807657385073187,0.24335634177080828,0.02669831730892358,,,,,,,,,False
best_quote_updates,six_to_ten_ticks,queue_and_ofi,clock_us,100,2019-01-02,2019-08-06,2019-08-07,2019-10-17,2019-10-18,2019-12-31,5294290,1923916,1794330,0.6216356800631145,0.6737169103877602,0.24016710108744102,0.03945365913006116,,,,,,,,,False
best_quote_updates,six_to_ten_ticks,queue_and_ofi,clock_us,1000,2019-01-02,2019-08-06,2019-08-07,2019-10-17,2019-10-18,2019-12-31,5294290,1923916,1794330,0.6287384655978543,0.6701567084908,0.23848450557735554,0.0461831860013886,,,,,,,,,False
best_quote_updates,six_to_ten_ticks,queue_and_ofi,clock_us,10000,2019-01-02,2019-08-06,2019-08-07,2019-10-17,2019-10-18,2019-12-31,5294290,1923916,1794330,0.6293160279823515,0.6692165089786754,0.23807996370549783,0.0478011478828545,0.6363750935437783,0.6662631568596062,0.23669966601873174,0.6055129212575168,0.053299408683856964,-0.0020978510869505934,0.31391446103010856,0.814944524673792,True
best_quote_updates,six_to_ten_ticks,queue_and_ofi,price_spell,0,2019-01-02,2019-08-06,2019-08-07,2019-10-17,2019-10-18,2019-12-31,5294290,1923916,1794330,0.6246533711432245,0.6691240775095938,0.2378762800183604,0.04861577911039938,0.6379657170643508,0.6576573081415443,0.23318378573947302,0.588310399982166,0.06736147305156759,-0.0022846039189221845,0.26001496138067665,2.3778821662879697,False
best_quote_updates,six_to_ten_ticks,queue_and_ofi,quote_updates,1,2019-01-02,2019-08-06,2019-08-07,2019-10-17,2019-10-18,2019-12-31,5294290,1923916,1794330,0.5931293783355015,0.6841082228901625,0.2452422631658834,0.019155590236791142,,,,,,,,,False
best_quote_updates,six_to_ten_ticks,queue_and_ofi,quote_updates,5,2019-01-02,2019-08-06,2019-08-07,2019-10-17,2019-10-18,2019-12-31,5294290,1923916,1794330,0.6169209920275291,0.6729731588961965,0.23999989563754626,0.04012239594847933,,,,,,,,,False
best_quote_updates,six_to_ten_ticks,queue_and_ofi,quote_updates,20,2019-01-02,2019-08-06,2019-08-07,2019-10-17,2019-10-18,2019-12-31,5294290,1923916,1794330,0.614234183804443,0.673474781511748,0.24026748352869673,0.03905218038380831,,,,,,,,,False
best_quote_updates,six_to_ten_ticks,queue_and_ofi,quote_updates,100,2019-01-02,2019-08-06,2019-08-07,2019-10-17,2019-10-18,2019-12-31,5294290,1923916,1794330,0.577950339730434,0.6839891035433309,0.24545308700468044,0.018312402031547048,,,,,,,,,False
best_quote_updates,two_to_five_ticks,ofi,clock_us,10,2019-01-02,2019-08-06,2019-08-07,2019-10-17,2019-10-18,2019-12-31,2870272,1195173,912661,0.6373070820173351,0.6678708346830026,0.23736029895274843,0.05055675406796745,,,,,,,,,False
best_quote_updates,two_to_five_ticks,ofi,clock_us,100,2019-01-02,2019-08-06,2019-08-07,2019-10-17,2019-10-18,2019-12-31,2870272,1195173,912661,0.6393921344498427,0.664323746583575,0.23587253309379,0.0565078303538864,,,,,,,,,False
best_quote_updates,two_to_five_ticks,ofi,clock_us,1000,2019-01-02,2019-08-06,2019-08-07,2019-10-17,2019-10-18,2019-12-31,2870272,1195173,912661,0.6409991684436863,0.6632946856865916,0.23533543077608055,0.05865624426376759,0.6620346081214907,0.6533312847657264,0.23061422246967653,0.6189965386928992,0.0775333457747116,0.009073600698395221,,1.0257009312006293,True
best_quote_updates,two_to_five_ticks,ofi,clock_us,10000,2019-01-02,2019-08-06,2019-08-07,2019-10-17,2019-10-18,2019-12-31,2870272,1195173,912661,0.6335116924867029,0.6663699104038096,0.23679789093052936,0.05280639101445683,,,,,,,,,False
best_quote_updates,two_to_five_ticks,ofi,price_spell,0,2019-01-02,2019-08-06,2019-08-07,2019-10-17,2019-10-18,2019-12-31,2870272,1195173,912661,0.6418044105174906,0.6541739494789773,0.2313543145652044,0.07458074349284638,0.6669296178592115,0.6379504371745305,0.22458746005030217,0.5971340946967165,0.10164065062899941,0.004713139564255959,,2.8497929477722366,False
best_quote_updates,two_to_five_ticks,ofi,quote_updates,1,2019-01-02,2019-08-06,2019-08-07,2019-10-17,2019-10-18,2019-12-31,2870272,1195173,912661,0.62041962338813,0.6753743154533411,0.24100498631200065,0.035977973151177234,,,,,,,,,False
best_quote_updates,two_to_five_ticks,ofi,quote_updates,5,2019-01-02,2019-08-06,2019-08-07,2019-10-17,2019-10-18,2019-12-31,2870272,1195173,912661,0.6237755459188334,0.669947286927723,0.23856909356743677,0.04572156516865056,,,,,,,,,False
best_quote_updates,two_to_five_ticks,ofi,quote_updates,20,2019-01-02,2019-08-06,2019-08-07,2019-10-17,2019-10-18,2019-12-31,2870272,1195173,912661,0.6025915222185831,0.6770436320660873,0.24201186388599089,0.03195045415864495,,,,,,,,,False
best_quote_updates,two_to_five_ticks,ofi,quote_updates,100,2019-01-02,2019-08-06,2019-08-07,2019-10-17,2019-10-18,2019-12-31,2870272,1195173,912661,0.553866829763989,0.6884180774411882,0.2476397620957262,0.00943881271059499,,,,,,,,,False
best_quote_updates,two_to_five_ticks,queue_and_ofi,clock_us,10,2019-01-02,2019-08-06,2019-08-07,2019-10-17,2019-10-18,2019-12-31,2870272,1195173,912661,0.6306844017160698,0.6715948682893182,0.23893907872829767,0.04424162132958265,,,,,,,,,False
best_quote_updates,two_to_five_ticks,queue_and_ofi,clock_us,100,2019-01-02,2019-08-06,2019-08-07,2019-10-17,2019-10-18,2019-12-31,2870272,1195173,912661,0.6335024747238718,0.668387824062867,0.23763737476640298,0.049448448420198354,,,,,,,,,False
best_quote_updates,two_to_five_ticks,queue_and_ofi,clock_us,1000,2019-01-02,2019-08-06,2019-08-07,2019-10-17,2019-10-18,2019-12-31,2870272,1195173,912661,0.6372714921150626,0.6663772800656752,0.23666325770272104,0.05334492508854016,0.6625424726518335,0.6540603570738861,0.23088273623728253,0.62519051433117,0.07645927933525154,0.010466472931799073,0.27741898048864605,1.000207652260874,True
best_quote_updates,two_to_five_ticks,queue_and_ofi,clock_us,10000,2019-01-02,2019-08-06,2019-08-07,2019-10-17,2019-10-18,2019-12-31,2870272,1195173,912661,0.6300409501321538,0.6691448856120363,0.23802733688348665,0.04788859658369515,,,,,,,,,False
best_quote_updates,two_to_five_ticks,queue_and_ofi,price_spell,0,2019-01-02,2019-08-06,2019-08-07,2019-10-17,2019-10-18,2019-12-31,2870272,1195173,912661,0.6441022176208282,0.656827579899363,0.23242274249516162,0.0703070225448249,0.6764252197284484,0.6382701819337797,0.22457582964152908,0.6153314319336534,0.10168717275653039,0.006255125993439498,0.2657582232191326,2.7760307296992393,False
best_quote_updates,two_to_five_ticks,queue_and_ofi,quote_updates,1,2019-01-02,2019-08-06,2019-08-07,2019-10-17,2019-10-18,2019-12-31,2870272,1195173,912661,0.608949816747933,0.6785816456471828,0.24251099668405895,0.029953918655278078,,,,,,,,,False
best_quote_updates,two_to_five_ticks,queue_and_ofi,quote_updates,5,2019-01-02,2019-08-06,2019-08-07,2019-10-17,2019-10-18,2019-12-31,2870272,1195173,912661,0.6185471555984009,0.6730954433845677,0.2400257546301386,0.0398949083364154,,,,,,,,,False
best_quote_updates,two_to_five_ticks,queue_and_ofi,quote_updates,20,2019-01-02,2019-08-06,2019-08-07,2019-10-17,2019-10-18,2019-12-31,2870272,1195173,912661,0.5999214169438942,0.6791290381548933,0.2430064861126368,0.02797195666134078,,,,,,,,,False
best_quote_updates,two_to_five_ticks,queue_and_ofi,quote_updates,100,2019-01-02,2019-08-06,2019-08-07,2019-10-17,2019-10-18,2019-12-31,2870272,1195173,912661,0.5547242749915555,0.6900538300822964,0.24844567328116895,0.006215161008032655,,,,,,,,,False
