date,signed_transactions,buy_fraction,included,exclusion_reason,dfa_exponent,dfa_r_squared,fluctuation_16,fluctuation_32,fluctuation_64,fluctuation_128,fluctuation_256,fluctuation_512,fluctuation_1024
2019-01-02,34407,0.5296596622780249,True,,0.6814985164745189,0.9952458772899854,1.2423056954202796,2.2223025311872298,3.7450064161509857,6.081830672443976,9.598425836757933,14.522025523466922,21.34243372725488
2019-01-03,19720,0.5168864097363083,True,,0.6796983422073815,0.9984410598975337,1.2231187470891711,2.1229336321683463,3.512572776212425,5.548810282934464,8.714017570902133,13.691715787800629,21.18098314639957
2019-01-04,21197,0.48544605368684246,True,,0.6983580732270218,0.9979509627966308,1.277604768580892,2.2824516919281397,3.810001364873762,6.084120116168338,9.523386172406516,14.5399511314512,25.10631616119944
2019-01-07,22170,0.43175462336490755,True,,0.6829861052523941,0.9911155273819384,1.2132927710028485,2.30103263692159,4.009459758696907,6.393773553042858,9.753651944750533,14.98294623619987,21.46589612727349
2019-01-08,17636,0.47340666817872534,True,,0.6691357696121402,0.993922993344209,1.2186420509743672,2.2110783139162655,3.793126127468066,5.917129491165496,8.841973492666627,12.635390994371972,21.812991555097817
2019-01-10,17485,0.45621961681441237,True,,0.7039712450480712,0.9924019458873652,1.2287150439449583,2.2241854339140747,3.8501868692079966,6.696045468576438,10.48082311475756,15.690433485630024,22.736536890994937
2019-01-11,13647,0.5016487140030776,True,,0.6939839038058202,0.9960925980743083,1.204067539046941,2.2267010312586217,3.7112699814959367,6.043615594816216,9.296851833255259,14.903444182845409,22.239395199201205
2019-01-14,14895,0.4828465928163813,True,,0.725283176026566,0.9977699954646813,1.1939415968895535,2.1971209645028935,3.777218075621777,5.99729142211596,9.541544132586456,16.391032096559176,25.047511187650148
2019-01-15,18874,0.5151531206951362,True,,0.720927574351412,0.9983171633262151,1.224316438449705,2.2377013297643997,3.788247363091212,6.018265137203049,9.952749737462671,15.868011704231625,25.494090933168202
2019-01-16,13280,0.48727409638554214,True,,0.6876866837493857,0.9953597205663283,1.2250043392530567,2.2452495233452208,3.6644516313634043,5.571579282898588,8.792204216743439,12.798942633609515,24.526487949256868
2019-01-17,10478,0.4552395495323535,True,,0.6716655045661233,0.9974514229698369,1.24120409969201,2.1858427176834527,3.559435990926458,5.528892374092293,8.447604297914838,12.668392085681983,22.23878288540232
2019-01-18,57160,0.5039363191042687,True,,0.7535633897011816,0.9979419875155024,1.1583140000623429,2.1047724426556913,3.727617877655817,6.277986699502418,10.470067962430683,16.783151494382686,26.941994311476876
2019-01-22,30870,0.5053126012309685,True,,0.7206044549509247,0.9977913748671239,1.1742841231462526,2.094696022358195,3.612110176730469,6.065249777551356,9.413077669160836,14.76900442858551,24.561186997887383
2019-01-23,31441,0.44899971374956266,True,,0.7487001745322377,0.9976312086684586,1.1707081886845194,2.1742128245463603,3.817398621570576,6.3566071521803345,10.535127273281628,16.501233358249543,27.430872746011666
2019-01-24,20132,0.5407808464136697,True,,0.6979967300724287,0.9948725724162514,1.204514719348506,2.1894830732652326,3.7931792995482634,6.112396779965336,9.9425442715764,14.743167103327773,22.400041254914946
2019-01-25,18283,0.5082316906415796,True,,0.6473098727714895,0.9957050079717553,1.2658455387109018,2.2704762533489107,3.630265847396927,5.451169236592477,9.02195318552266,12.924577287272584,19.30860224059924
2019-01-28,17646,0.5299784653745891,True,,0.6851586269829448,0.9915133080675289,1.200242952856297,2.2060768164151123,3.8305744219038758,6.280081972366395,9.197326488294866,15.420976192062684,20.630348313358496
2019-01-29,13076,0.5339553380238605,True,,0.6581704278756328,0.9940152528728542,1.2225060593885797,2.1938678551691853,3.5912041403524593,5.833419562464008,9.068214382934114,12.98638432864068,19.386957153698265
2019-01-30,29011,0.5628209989314398,True,,0.6753022629456479,0.9984633161328523,1.2757209170772885,2.2455909628121353,3.6726712071351755,5.677553500835078,8.855171904014197,14.085918044006249,22.082720318733635
2019-01-31,32709,0.5500932465070776,True,,0.7340733064919078,0.9958831131520616,1.1472234191230979,2.1347500893188887,3.7690493183434697,6.262401400020734,10.344958153975323,15.627377956991905,25.094878701829195
2019-02-01,20607,0.4573688552433639,True,,0.6937060214896876,0.9981147453290997,1.2251340919636395,2.2364638621837547,3.6727069703701996,5.487207894400664,9.055078036341575,14.489589883102589,23.205869179932893
2019-02-04,19340,0.5180972078593589,True,,0.6616798304508122,0.9930872723556868,1.2326821285281768,2.190964942903889,3.6996384088288687,5.699565757311898,9.451525845209567,13.671847868768191,19.231218646688756
2019-02-05,19641,0.4805763453999287,True,,0.7124534637127572,0.9969584325426292,1.2141647107703002,2.2240275183567095,3.884563998658953,6.120771748981687,9.411255091826108,14.923887399367596,25.511345759288236
2019-02-06,13939,0.4828179926824019,True,,0.6789236845244694,0.9970357678501486,1.227712427034415,2.1617281708428346,3.6014168161613207,5.91597497945396,8.847034223963343,13.6051277851194,21.572502381983902
2019-02-07,18801,0.49795223658316046,True,,0.657628171158251,0.9956951388883529,1.2524067111339896,2.2270494226341104,3.700140947786249,5.8426459607810175,8.769389317183158,13.308700041581522,20.086550238211164
2019-02-08,17811,0.5043512436134973,True,,0.6673107624684144,0.9962122708127936,1.2398389555134102,2.181983122965024,3.561552631394977,5.795401441791238,8.854739032767768,13.946868014893449,19.92147376981172
2019-02-11,18763,0.48712892394606405,True,,0.7115270181408557,0.9987396991381375,1.2212785844880054,2.1561285249982363,3.663256335496989,5.878414786962617,9.390042551224218,15.187226845723844,24.236014481513614
2019-02-12,13592,0.4409947027663331,True,,0.6655421110556076,0.9948268996062527,1.2122302550073074,2.168633989704486,3.6804619059101853,5.811183617269623,8.890233096811166,13.254092413219043,20.031877303704732
2019-02-13,12068,0.4677659927079881,True,,0.6941019823501435,0.996780988209913,1.2056815262220222,2.1117007663327576,3.6284708400263526,5.925299885530191,8.275594802860587,14.269819194012369,22.847648420556087
2019-02-14,13372,0.4970086748429554,True,,0.652874414061188,0.992067366551885,1.245247305262458,2.247677069378061,3.7451849393273844,6.101939850463329,9.21697044113482,12.951315614302164,19.595452021737074
2019-02-15,9978,0.5123271196632592,True,,0.672191814171395,0.9967635733141265,1.2433531143045664,2.1896360936989794,3.617621959814591,5.53738157131666,9.368803538435357,13.469311004140362,20.866883964107682
2019-02-19,11866,0.49814596325636273,True,,0.636368957152148,0.9981731868437608,1.2553976715822095,2.118868857593226,3.410750100129444,5.202254233407647,7.96542890890886,11.858606093067534,18.421537220563756
2019-02-20,18164,0.4875027526976437,True,,0.6828379943901564,0.9964077806214903,1.265341666838019,2.2469685638450003,3.7157276743168604,5.781919717654625,9.412432995728631,15.391618697645237,21.332461740934196
2019-02-21,22419,0.49328694410990676,True,,0.6993023562540644,0.994851884662992,1.2210835986225252,2.260833871855932,3.9438950249512463,6.406884473471167,9.695538365597542,14.752685923550441,23.89080421775096
2019-02-22,15502,0.49645207070055475,True,,0.7215809416319001,0.9992980582232013,1.2407442474626027,2.121060951324663,3.6574347943775956,5.8343333245228814,9.210139401895272,15.314799863373509,26.00021987308089
2019-02-25,16527,0.4789738004477522,True,,0.6500411644081674,0.9912264574681886,1.2413409195526808,2.282193903559976,3.836730451073154,6.04432129123971,9.199177626984312,13.203995047940385,19.2940879983077
2019-02-26,21932,0.5143625752325369,True,,0.6997254569477662,0.9980761788869001,1.2115901636056476,2.1538788734282015,3.6089041636135177,5.773608659655219,9.405927249008327,14.312686590990088,23.030586891868555
2019-02-27,27677,0.4923221447411208,True,,0.7148153063878383,0.9947017547748762,1.2219958425231836,2.255248780758769,3.94234868287554,6.474940805914733,10.71693694067808,15.550806232581179,24.63845468288585
2019-02-28,23713,0.48521907814279086,True,,0.6906977606059914,0.9954925303867892,1.2261080696875144,2.238159402422464,3.8080655521838214,6.202580517297829,9.554483958483084,14.710166929500817,22.428679011351868
2019-03-01,54412,0.5348452547232229,True,,0.7303671825585331,0.9928425574622344,1.1839817119653604,2.2358799544106867,3.980450217301319,6.81946920951648,10.994666431552284,16.584694254736927,25.011422577014187
2019-03-04,43750,0.49382857142857145,True,,0.6886984633586009,0.988765079394003,1.2028925601151248,2.223025276235423,3.987694928252001,6.503943979876968,10.323477188448505,14.9707781722516,21.149585210588594
2019-03-05,44554,0.5036360371683799,True,,0.7401784588870979,0.9929828771437201,1.1835135415794413,2.275731813447652,4.088376421670685,7.014150422941383,10.903221920209218,17.827322624447692,25.990249431751245
2019-03-06,23390,0.5324070115433946,True,,0.7126186437043748,0.9951843141648338,1.2066481478826365,2.242146255170927,3.8376604125664557,6.458035185388256,10.182965956527843,15.706215047699018,23.9270494595619
2019-03-07,22189,0.4915047996755149,True,,0.7347263108943404,0.9978245450012068,1.209426795589177,2.2233446777556005,3.909496254861465,6.322805931018307,10.059479388610102,16.260082601168804,27.163195541465484
2019-03-11,19711,0.5353863325046928,True,,0.6708499698138667,0.9964233063191159,1.2515928023549907,2.241276517527441,3.6271415058008953,5.578019593726768,9.485165559201786,13.757106651324127,20.7863132886588
2019-03-12,17604,0.49164962508520793,True,,0.6934542168891357,0.997120590663319,1.2521176668065195,2.298798737271663,3.847946512946656,5.843633333357541,9.098377484140256,14.276243198624833,24.698070670951232
2019-03-13,15918,0.5304058298781253,True,,0.6661701141977932,0.9926873431142434,1.1995278362258326,2.196094341476049,3.740138290796719,6.017423723711282,8.986779626431245,13.494371736457715,19.86632230616827
2019-03-14,17669,0.49340653121285866,True,,0.75120935631521,0.9992012155169692,1.1829425013366042,2.1090929696267575,3.6814383416284286,5.935123393756668,9.756835811446978,16.1627588886736,28.370114818564875
2019-03-15,28685,0.4842252048108768,True,,0.7399611781000175,0.9988522135636491,1.2042686322758052,2.136238881342271,3.6479468242094644,6.201779992512184,10.151402871641892,16.343273563229605,26.451042405229522
2019-03-18,23021,0.46566178706398503,True,,0.70137841601558,0.9947079139287156,1.1978426710961063,2.226034612088426,3.8973844462464564,6.292847059980624,9.242546989689597,15.442112784035531,23.078764537736287
2019-03-19,23444,0.49863504521412727,True,,0.7033338495547281,0.9938051481088138,1.1901872247996086,2.184345665306907,3.763675458310772,6.3309625450862415,10.03125010463613,15.094650639084524,22.393878609793152
2019-03-20,17484,0.5546785632578357,True,,0.6818865353194175,0.9980748525061233,1.2615699600000665,2.2075972876347705,3.6166890319279683,5.8054968393198045,9.30013070427843,14.167757696585793,21.966894928780192
2019-03-21,14111,0.5205867762738289,True,,0.7154026683054642,0.9979178878650696,1.2244428640850469,2.12827123492112,3.4397671117791457,5.655707797005807,8.477323064877126,14.192403056058938,26.18268408553363
2019-03-22,19624,0.465552384834896,True,,0.6504769280057174,0.9963028648740873,1.268657478959035,2.1991651443202254,3.5609712610236257,5.597431210025808,8.934538891403946,12.982796246498621,19.21726228187027
2019-03-25,22480,0.5262455516014235,True,,0.6918734204908565,0.9954372712792743,1.2090721694379378,2.1591376863985507,3.689868053034413,5.87698438745166,9.640097077332921,14.834049285410213,21.347115849804858
2019-03-26,17059,0.5180842956796998,True,,0.6885532544531926,0.9984407165734848,1.2478596228073982,2.212038903383674,3.640097697162211,5.647547254444253,9.08100815946036,14.70267016459575,22.38677139394089
2019-03-27,19747,0.5884944548539018,True,,0.7148005863412175,0.9984591775245835,1.1951948427721448,2.1385087313871614,3.587206078886379,5.928310489907411,8.98517382902621,15.184811712068214,24.282662209992612
2019-03-28,16421,0.5055112356129347,True,,0.699954028217706,0.9980266578791863,1.2397200849718335,2.150023964899475,3.6239860359032647,5.766213033602945,9.398690411534803,15.405385098526072,22.480743178261314
2019-03-29,15937,0.5261341532283366,True,,0.6886100612744745,0.9973283197579255,1.2276804196052447,2.1822515743059836,3.6486561365465544,5.773342482755549,9.207186899701858,13.434712880850935,23.099340851408797
2019-04-01,19105,0.5197068830149175,True,,0.7007885451247897,0.9985867203560568,1.239480379577651,2.2189416633378234,3.6946535583869675,5.703789415938137,8.963942448459491,14.81480687746231,24.220100958482192
2019-04-02,13566,0.49270234409553293,True,,0.6954706173854696,0.9982838964565605,1.258031698143354,2.207361628092743,3.7604385593666354,5.913396234362989,9.018544044312955,14.675178540664591,23.910527698286884
2019-04-03,20280,0.5071992110453649,True,,0.6542131465290781,0.9946519021604858,1.239428432457211,2.186464050796112,3.7140074029724675,5.763229944668554,8.80621697037583,12.495404041712268,20.02872146668686
2019-04-04,56920,0.5691321152494729,True,,0.7341036151610512,0.994380453664648,1.1387133637265305,2.0953445682762184,3.7498049518151864,6.382467274379874,10.4114702158137,16.055463100099473,24.07403982209189
2019-04-05,29526,0.5377294587820903,True,,0.715587972871076,0.9944742455184644,1.180213825022392,2.1311388006698806,3.8345195991511947,6.362545277116927,10.176801861180778,14.856098320303582,23.932645441493975
2019-04-08,21983,0.4757767365691671,True,,0.7093378897829804,0.9958555034519546,1.2176349671757776,2.288106044215992,3.8727436390047334,6.391278220547241,10.056985746503559,15.431688346502002,24.417866604615845
2019-04-09,14089,0.5048619490382568,True,,0.6905477563174253,0.9967760946947043,1.252384341674831,2.191678329143127,3.627979364344021,5.789003464785879,9.918484014092963,14.760435782857087,21.882723722356285
2019-04-10,14549,0.5005154993470342,True,,0.6793732077074268,0.9974488893505994,1.2191801733817824,2.131884285183182,3.5680854747055335,5.534039718136482,9.137799441045155,13.544249980250017,21.056242528074787
2019-04-11,20481,0.5270250476050974,True,,0.7048359938650474,0.9945743412829465,1.2273655592671995,2.1503109622419587,3.638945679339836,5.828761481265456,10.69259779725409,15.081973989634427,22.350299388474085
2019-04-12,14606,0.4426263179515268,True,,0.6971236027484781,0.996336851391379,1.2488158753795888,2.183938476245366,3.5144142486090253,5.641177370064145,8.198560882671616,13.450542030123284,25.479153948919556
2019-04-15,23330,0.5258036862408916,True,,0.6764230700509807,0.9948332201131591,1.234044958423228,2.286027510305623,3.884147246822343,6.114759849341622,8.812260486061955,14.002087840983451,22.30900089021603
2019-04-16,18492,0.4749080683538828,True,,0.6796321901814776,0.99377478018217,1.222024882063977,2.23553767073158,3.8511414348734547,6.107747740426926,9.210393028173437,14.850858857478126,20.994606274499574
2019-04-17,13110,0.47307398932112893,True,,0.6914931809436109,0.9988744233991329,1.2282885167330009,2.1235861651024486,3.3453312693223034,5.409942622916141,8.251493284984747,13.417142775165427,23.318695351470033
2019-04-18,14372,0.41232952964096853,True,,0.6664175184980283,0.9947755976606697,1.244437962741132,2.2324599375047676,3.6699728341161117,5.882695309590627,9.335697177388125,13.933916823284374,20.04446370698794
2019-04-22,26217,0.45748941526490444,True,,0.6636572338277286,0.9919927250991619,1.2237556578862419,2.2135163402441833,3.78308763375289,6.065030241895039,9.28448123687863,13.795397996880164,19.6144808117758
2019-04-23,21975,0.4731740614334471,True,,0.6914116289976912,0.9951605247726525,1.2163802837063633,2.203615604306869,3.7867215572079855,6.183031276546108,9.645094217845992,14.252515263309805,22.48108103780184
2019-04-24,20224,0.4063488924050633,True,,0.6703688999724199,0.9938448216377082,1.2169532260089413,2.249951011733772,3.8094310748304743,5.976864114276118,9.185998553616717,13.873759607107159,20.63708910754702
2019-04-25,46336,0.5069492403314917,True,,0.7164694853249829,0.9957397686707902,1.1744655936608615,2.1653290924538724,3.871647696367159,6.1181014859131295,9.75766075359651,15.632837573283922,23.805826141494165
2019-04-26,46375,0.49692722371967657,True,,0.7040904086928724,0.9926380987828285,1.2042053174727798,2.203156474312641,3.8918145385964134,6.543949172293,10.286628979116578,15.26720149041958,22.78973470125212
2019-04-29,33833,0.5319953891171342,True,,0.6957717892921652,0.9964963106085123,1.2081835284301998,2.204662979305798,3.748866929723976,5.8689044605340595,9.446243554054393,14.981957982869032,22.303788101104768
2019-04-30,18563,0.4873134730377633,True,,0.7131931247920819,0.9967075049943416,1.2169279990522777,2.1940877655491464,3.892529891959223,6.292648797799442,9.622103850890511,15.495167438946352,24.66536543427053
2019-05-01,22954,0.5016990502744619,True,,0.7019671101486579,0.9956541677474338,1.2414284459084037,2.291757901484467,3.866935405899021,5.985823060896333,9.273345293703109,13.881126687190582,26.18488423509538
2019-05-02,33736,0.5093372065449372,True,,0.6977161726822985,0.9946508981889718,1.2357377901888273,2.269025684546046,3.885589991816832,6.242003784801114,10.133867388728703,15.660712188180428,22.60224001083438
2019-05-03,44574,0.4466505137524117,True,,0.7138801690532993,0.9841541547160227,1.1841827676900587,2.3250876887432033,4.280576993821396,7.109578295399029,11.527161441391197,16.978682842782078,22.913749220482764
2019-05-06,21523,0.5040189564651768,True,,0.6862456015797371,0.9921297504971098,1.24737622683614,2.368194382805961,4.156373346793361,6.504444418166808,9.978519835778027,15.403024567809267,22.655444889024942
2019-05-07,25888,0.47496909765142153,True,,0.6818060730855896,0.9929463181608096,1.2483696866680558,2.352316435695605,4.059566517223158,6.461257825305829,9.769354733232028,14.630685007550916,22.680185545372836
2019-05-08,16820,0.5029131985731272,True,,0.7011631476796047,0.9965382306977535,1.2399482530644903,2.259428771409062,3.8252046757445135,6.3737155234839316,9.588831035276383,14.954158530653801,24.165084318007743
2019-05-09,19666,0.546171056645988,True,,0.7239755749805525,0.9979634711552448,1.2328383290335805,2.259512874791759,3.8174908610798948,6.175605145427029,10.15605619904268,16.609080055738822,25.45626356321136
2019-05-10,18995,0.5086075282969202,True,,0.66484329322326,0.9985113713040922,1.2993341371408775,2.1912282122916995,3.443459499221027,5.409081221545842,8.718116222828522,12.548422867269096,21.975047455274733
2019-05-13,29379,0.516899826406617,True,,0.6978230228072474,0.9904129740944934,1.2003564635520034,2.2733879003096176,3.9972125343125224,6.716862765397466,10.144612516292337,15.514011728173127,22.338977355650844
2019-05-14,19422,0.49639583976933377,True,,0.687457325266264,0.9985214660991623,1.2669356138335808,2.2594861235881285,3.6962087470176224,5.806540286663047,9.099278431029171,14.528779272967851,23.174693422812734
2019-05-15,19917,0.5011798965707687,True,,0.6763490939836193,0.9945442723979095,1.261610597448531,2.3283924874000235,4.002146371704702,6.162727769336867,9.583331489436123,14.377952304382726,22.269116456931197
2019-05-16,19504,0.46851927809680066,True,,0.6919643101580154,0.9976100389757458,1.302158323784912,2.268684075520312,3.6808407782747325,5.822772127387852,8.846425941526205,13.868271000626496,25.56878625176897
2019-05-17,38373,0.46986162145258387,True,,0.678362034908039,0.9977518338727475,1.2738531841495848,2.308648335690742,3.734258653788131,5.7908249057955965,8.710635796805354,14.55811139467685,22.66075515958616
2019-05-20,43892,0.5039870591451745,True,,0.7094122964868236,0.99303752016052,1.1962867472220329,2.2113376502658344,3.804825253269984,6.508674201505671,10.428041675222058,15.595822902250413,22.881509549037254
2019-05-21,36419,0.5139624921057689,True,,0.6956317832399117,0.995864694369379,1.2090855275459684,2.18257196315729,3.793575294692002,6.033873300283613,9.610182123146172,14.535592256349618,22.561930207079207
2019-05-22,34886,0.4672648053660494,True,,0.7104404974618637,0.9963436142829745,1.2104594532275312,2.2093401228654486,3.914470483267842,6.253279707946664,9.414480998261723,15.421920795678565,24.512537210504373
2019-05-23,46665,0.5027536697739204,True,,0.7212523559476597,0.9941149145231553,1.1926037094991628,2.230148591914781,3.9596184243386165,6.606167633638342,10.553187617739546,15.71947173915689,24.86700550520127
2019-05-24,30464,0.49333639705882354,True,,0.725816543785657,0.9954985591069209,1.1896236777130442,2.220935579185552,3.8512277234717196,6.533569245730508,10.43019402452343,15.876107580770768,25.17504750602343
2019-05-28,24690,0.5089104900769542,True,,0.7089167433944049,0.9976098330748628,1.2037063034294417,2.198111513864295,3.721300994383969,5.968169963166281,9.416711555286069,14.532778885300257,24.605658255377605
2019-05-29,26702,0.5359149127406186,True,,0.6982998908972069,0.9967497250306232,1.2181019620146891,2.172207910753578,3.6489639750108296,5.96426683211328,9.559972819964186,13.641956919357716,23.78065155626183
2019-05-30,20210,0.5095002474022761,True,,0.6904002716162344,0.9976097524097245,1.245346528432501,2.234414307284568,3.704344020715987,5.912340180873483,9.051641058157422,15.088445954715523,22.527973117924052
2019-05-31,24323,0.4587838671216544,True,,0.7046811397552096,0.9990309131090765,1.2816424163729994,2.2589292874261524,3.666115561960974,5.896730792138755,9.812050761350243,15.597947575303888,24.30453282092123
2019-06-03,32648,0.4920362656211713,True,,0.7174958201028891,0.9988298496606652,1.276527485985807,2.3076723625367848,3.8423338562837692,6.034932894079344,9.594632425412803,16.258104710905034,26.556716121461843
2019-06-04,31550,0.5245641838351822,True,,0.6551598243988173,0.9974862902113677,1.2962241861584343,2.27506090323216,3.7192835122923227,5.710022637302848,8.732136813745562,13.398170782067801,20.725442031743235
2019-06-05,31586,0.5007914899005889,True,,0.7187355008158772,0.9975099627512478,1.2416700627376263,2.2556744338339203,3.8990334784502223,6.382965107681431,9.869761885960623,15.563347520833915,26.284964315291706
2019-06-06,38283,0.4973225713763289,True,,0.6917229660509729,0.9979674029226131,1.2606450830819345,2.2681652207597827,3.7471955751383508,5.922786580421549,9.512638812768904,14.50409772207064,23.550021369245815
2019-06-07,36953,0.5003923903336671,True,,0.704036693867261,0.9914701136204049,1.2480241204521685,2.348975798772313,4.249841086836801,6.918855312081829,10.637657278742324,16.168274112680823,24.15160427809209
2019-06-10,21581,0.4998841573606413,True,,0.7296203950348289,0.9945064776216332,1.218817346608728,2.320285930664666,4.107618530595703,6.744434838180815,10.85143627050842,17.42365809668521,25.794405617643267
2019-06-11,23093,0.49426233057636515,True,,0.7351187092320115,0.9963086733259663,1.2337544517306558,2.3174937937353968,4.126186122697772,6.821070971927923,10.451367656296696,16.964631449190996,27.90846989629036
2019-06-12,29316,0.4707668167553554,True,,0.7116831019406844,0.9925285888550003,1.2246347955403067,2.343903008558433,4.079089885855167,6.936917041011377,10.518268022637965,16.29297935231217,24.494016085725672
2019-06-13,17895,0.46163732886281084,True,,0.7085186574822245,0.995266448127229,1.2413378512928208,2.3238277959658453,3.9820916889285707,6.636575664483272,9.931542790831879,16.216344001306933,24.53309146887972
2019-06-14,17260,0.5039397450753187,True,,0.7249418965218846,0.995139430170096,1.2109739210721837,2.3609955431986767,4.094489479957379,6.67714789338578,10.38266072858276,16.340037273088086,26.615397783327744
2019-06-17,24788,0.4824511860577699,True,,0.7122064878011193,0.9934096585738957,1.2250872176607464,2.3645999093237924,4.19041637420389,6.782468985265329,10.300622656732163,16.01386296429907,25.419329916561395
2019-06-18,31104,0.471386316872428,True,,0.7426070683888039,0.99491784075022,1.205185881760072,2.3406620431800356,4.152487291194013,6.901088126807666,11.23298507968952,17.325805771945536,27.78821285382913
2019-06-19,15667,0.5282440799131933,True,,0.7241477476776682,0.9944421298138256,1.2478558968446618,2.329029766299227,4.098371190272694,6.682142248524487,10.875348712767819,17.803244256990364,25.152405864034414
2019-06-20,25254,0.4796863863150392,True,,0.7426658960770461,0.9984249045076041,1.2338531195174829,2.3237789041788277,3.8909080727704164,6.329423116999829,10.59695488281799,17.565943983951623,28.000961193426566
2019-06-21,17758,0.48513346097533505,True,,0.7114679293451268,0.9971278945653322,1.2617076249817563,2.376595867557042,4.023909403297318,6.2752981300750665,9.729424876363922,15.891264018174741,26.42165905490725
2019-06-24,14033,0.4588470034917694,True,,0.699097733895735,0.9947761557188531,1.2560115205124103,2.3928183700676007,4.090579744436486,6.547478355803613,9.825505763889886,16.035529916874754,24.296786483230818
2019-06-25,14748,0.49030377000271225,True,,0.7311730229097885,0.9911035302011844,1.2106298385493908,2.2808450355826078,4.262533490794347,7.336237228848761,10.930612911560575,15.963669599260916,27.393106177499007
2019-06-26,19204,0.4504269943761716,True,,0.6948229729669283,0.9897416333017717,1.218994484935698,2.2236383361798873,3.981407250248826,6.794856360309701,10.160175625391384,15.530520873147934,21.868356836166782
2019-06-27,15612,0.48987957981040225,True,,0.7059097661385817,0.9910070013898655,1.2499263246827232,2.335715055189382,4.12248697074781,6.897489722305581,10.996946230490877,16.530630988913163,23.528842352341687
2019-06-28,16300,0.4965644171779141,True,,0.711921292257045,0.9925946121320439,1.2388398019485414,2.349614528439308,3.9553143890996516,6.829136356578174,10.942734258654825,16.66127959411337,23.921178558724993
2019-07-01,18956,0.4993142013082929,True,,0.7055073572057137,0.9923131791483171,1.2558131922381388,2.374077222720567,4.193082760265554,6.868248395599761,10.876501321329679,15.24144401838632,25.3973524856152
2019-07-02,20603,0.5264767266902878,True,,0.6915180986515564,0.9935445431237184,1.2579748173795942,2.4333268247730246,4.122643975029361,6.588380235809601,9.70820011769519,14.693097410259284,25.001965448264833
2019-07-03,29235,0.4840773046006499,True,,0.7237295587507415,0.9939445998854136,1.196740469108435,2.19377211452997,3.86813250492767,6.539090332980371,10.7242633800698,16.43753777723898,24.025989804402556
2019-07-05,16876,0.5049182270680256,True,,0.7047325773872544,0.9981127557384396,1.2679939527919446,2.2218454799122718,3.7371215921016163,6.147082153992555,9.887743760803149,14.764925115107637,24.771080110875925
2019-07-08,14487,0.5536688065161869,True,,0.6707859063578654,0.9950007266164768,1.2410293156101606,2.2389731354517175,3.795165070851051,6.097586095983368,9.016787951313615,13.625474030882897,21.393843730466585
2019-07-09,15418,0.4905305487093008,True,,0.6680945581191873,0.9959714832878017,1.2739255546616344,2.2508029755639725,3.639961435320605,5.85121411907754,8.40480263696771,14.92734282139061,20.57427170947829
2019-07-10,22521,0.5199591492384885,True,,0.6877793299803735,0.9967291082014412,1.2562007141228526,2.234276151909099,3.703996946936251,6.107151277555596,9.503917575799482,13.732427053379421,23.404642035721565
2019-07-11,19676,0.5305448261841837,True,,0.6950204830633733,0.9996423809064986,1.2687986599643557,2.1086056170827003,3.435731414955957,5.413066816094808,9.191605526766185,14.143588034472584,23.04789585345356
2019-07-12,20859,0.513543314636368,True,,0.7030210991273383,0.9992800397669848,1.2437670961347191,2.171868391082629,3.4588516781243506,5.706627420992522,9.417017000313335,14.62300755491986,23.595393099398105
2019-07-15,25665,0.5417494642509254,True,,0.682933585607634,0.9973269953432482,1.2280125755837952,2.203241201845528,3.6349862139574043,5.812626521861194,8.973877608830989,13.459707590320281,22.551421185462925
2019-07-16,18656,0.5003752144082333,True,,0.682790497291072,0.9965663071420372,1.2602553305960564,2.18749930448712,3.707883578771128,5.890969581207247,9.725511219206275,13.713515643633325,22.272711698859666
2019-07-17,19544,0.4976975030699959,True,,0.6984541370519073,0.9986916477188029,1.2554666861516073,2.1967289569300497,3.6451795613870908,5.797418360796522,9.567273000682585,14.85445126552468,23.340745081313646
2019-07-18,14179,0.4843783059454122,True,,0.6781807087717739,0.997617678051177,1.2688259192067333,2.173141213415256,3.4495144175420993,5.482490127554527,8.141091262496566,12.863672057555465,23.4243751815189
2019-07-19,18379,0.5146634746177703,True,,0.6596110920966052,0.9969125265688988,1.2403161108637089,2.137027690965915,3.5126444113794935,5.477110699703267,8.639518611147743,13.48149650478748,19.196146513934888
2019-07-22,18600,0.44908602150537635,True,,0.6762893916474918,0.9977730068684917,1.2717144276979446,2.2356516478279644,3.7200351304276733,5.758372992732652,8.965381137579664,14.529700340529788,21.640087314939564
2019-07-23,13546,0.505684334858999,True,,0.6659156871983097,0.9942691209417215,1.2781740075108092,2.1879883260512707,3.5708687007428517,5.787808627641415,9.83391687847613,13.884230355573491,19.76606069090004
2019-07-24,18579,0.49701275633780073,True,,0.6849916819408411,0.9970957797779658,1.2510818908409667,2.253752350113978,3.7631396427937966,5.887474995470561,9.01442989635166,15.042204886823598,22.17079626050775
2019-07-25,53165,0.5813222985046553,True,,0.7200805188310362,0.9965709371767817,1.1615770610893594,2.08526937787649,3.597863961768847,6.019939825228662,9.706394979191176,15.580911816846582,23.027013456729925
2019-07-26,26612,0.555952202014129,True,,0.7112803472342241,0.9956999192514583,1.201209282662745,2.186761642363379,3.795716274527092,6.397649157348354,9.886823377028765,15.004803581176406,24.08987105587464
2019-07-29,21934,0.5014589222212091,True,,0.7511136871847488,0.9989040564509188,1.2554613583444716,2.3486503908417173,3.878410297666788,6.1802876219612815,10.449489059538436,17.42487306290086,30.57931479131335
2019-07-30,19094,0.4860165497014769,True,,0.6779005807214906,0.9963286020165134,1.260981249247334,2.250756822472604,3.7295647016787967,6.156243267803264,9.292197653483306,13.979899944858712,22.100903170912904
2019-07-31,26435,0.4640438812180821,True,,0.7407139259933913,0.9986062953224318,1.2262331219656857,2.2150652084422378,3.7537386675920095,6.4057006876212705,10.36050609922648,17.028028978617083,27.05215372522344
2019-08-01,22380,0.45795352993744415,True,,0.7571015768380795,0.9988530026871048,1.2172778366900423,2.2391025881928557,3.8033598164944133,6.477151187243288,10.85455803572034,17.715088848162054,28.966180331804026
2019-08-02,16582,0.5082619708117235,True,,0.6964963581801288,0.9964865411398222,1.265042357110931,2.3086729897033216,3.860832181027759,6.239504831688887,10.13379287077943,15.21504147716264,23.62397538687102
2019-08-05,18023,0.5100149808577928,True,,0.7181308282368403,0.9966807388209921,1.253519567626057,2.258759401037225,3.9770466685910137,6.414779290481335,10.528247039860277,16.32536586240041,25.246854609308528
2019-08-06,15270,0.5115258677144728,True,,0.705354711732632,0.9919232402709557,1.2277488438863875,2.288126215971635,4.012996633471388,6.746311598248739,10.75499595135897,15.650605167202029,23.521711415595547
2019-08-07,14015,0.5051730288976097,True,,0.730794012796754,0.9973368180776047,1.2513451587658826,2.292998785088092,4.021074494366847,6.539402495761733,10.71496198651306,16.381835086928294,27.506607802065908
2019-08-08,12354,0.4627650963250769,True,,0.6672014066747392,0.9885514588602965,1.2684209199166268,2.335959215594001,3.6697569343287495,6.3914032366519145,9.917091537145485,15.499174913088362,19.321022861678138
2019-08-09,11339,0.4256107240497398,True,,0.6794021176948636,0.9919463337152561,1.2595902676375668,2.2856283020127215,3.8414944829461253,6.359884623992606,10.370706779963493,14.648617944245972,21.254771425160776
2019-08-12,12598,0.50571519288776,True,,0.6852523229296679,0.9945265449064731,1.298581766839181,2.3678867493649216,4.007405082874695,6.592510398300101,10.019082386907455,15.704316301021144,22.821088969100686
2019-08-13,14176,0.46360045146726864,True,,0.7481512123498675,0.9990574986654259,1.2712545337211212,2.2988428755427277,3.70076410363481,5.8098419269344195,10.242575531314511,17.3587934948795,29.753314291877633
2019-08-14,26156,0.5191925370851812,True,,0.7457537749252792,0.9970931684166896,1.2511806735651976,2.2585018794784966,3.9406123333433842,6.705001266972601,11.505347472668229,17.547976397874212,27.78966730183409
2019-08-15,21393,0.5313420277660917,True,,0.7407846876620995,0.998489631162317,1.250138977797962,2.2511625295286795,3.8804350142532438,6.483081722795154,10.439255026848183,16.35955937011907,28.891534151524425
2019-08-16,14679,0.47782546494992845,True,,0.6759951243931841,0.9965084693107696,1.2869427094873944,2.339021310999656,3.8639740498725033,6.199977834628241,9.228227573136623,14.343174011845823,22.78987854440937
2019-08-19,13057,0.46388910163130886,True,,0.6850223224198423,0.9956834048518373,1.2881302278725937,2.378252395878247,3.8401809926046973,6.44337222553618,8.991264640265356,15.640433257204045,23.234001238597276
2019-08-20,9715,0.4647452393206382,True,,0.7129982933212289,0.996974650254594,1.2738636917371506,2.3019496563647603,3.9304108002183096,6.31234904001175,10.327363736732451,16.882731460843132,24.639052613148255
2019-08-21,17146,0.5100898168669077,True,,0.6667878449942808,0.9928535533851118,1.266581474955775,2.2849829564780086,3.8234154811460397,6.267047285392971,9.666325373427167,14.296498422793498,20.45885584854591
2019-08-22,13012,0.43605902244082384,True,,0.6972306120610198,0.9954647817844711,1.2313564270978232,2.209855985271502,3.8677344501978763,6.350180741066395,9.674531888082665,14.627282565018108,23.410352553564934
2019-08-23,21845,0.49237811856260016,True,,0.7164348833009587,0.9947901529088423,1.2352881047687165,2.2729043798824593,4.038425359046965,6.74827908328841,10.466490837917164,15.81388114037746,25.419793337277476
2019-08-26,11812,0.49839146630545206,True,,0.6934594980845344,0.9919362668620811,1.2216325229910405,2.262565415963612,3.840738834995975,6.5223630772675625,10.119590064199683,15.543343994144147,21.73111547879424
2019-08-27,13948,0.533481502724405,True,,0.715364852395416,0.9970073548594299,1.2539470594235533,2.2650553047376287,3.916419390667691,6.405124296051657,10.374484471015727,16.051430324883636,25.130168693156282
2019-08-28,9603,0.4002915755493075,True,,0.7317533464594291,0.9927380997154851,1.2465308481491,2.1634976725697674,3.8197104691054333,6.708553594362552,11.084465669661753,18.2446554290461,23.993818266453207
2019-08-29,13189,0.48692091894760786,True,,0.7180077326877784,0.9958156125800287,1.2726086648787949,2.2950897021496632,3.8532156643406537,6.488887251212882,11.00397212064241,16.93143444929791,24.632821804575507
2019-08-30,19844,0.4812537794799436,True,,0.7025317851674672,0.9964276252098994,1.2517720509450552,2.2632414363119073,3.7376202994466943,6.182428445406459,10.31810857044795,15.432881510060708,23.364446528085754
2019-09-03,14049,0.4941988753647946,True,,0.7108269300247457,0.9987059257773918,1.294900485478349,2.2842654560221454,3.867893876774062,6.190118352327468,9.509443526382318,16.230251659414588,25.7892797266068
2019-09-04,13256,0.46967410983705493,True,,0.6602722106351756,0.9952289243364881,1.2822179188227512,2.290098329267351,3.9085264313467927,5.705886166817967,8.646760376539723,12.836948897440164,22.338440116834374
2019-09-05,17478,0.5295228286989359,True,,0.7110687789399337,0.998935528511219,1.279694108710454,2.326077449839962,3.7288979109232723,5.94867200131622,9.866288260277452,15.479897329726198,26.020407399499422
2019-09-06,11413,0.5196705511259091,True,,0.7095001727454263,0.9976558484321248,1.2837816225121996,2.3124745849733284,3.9661321670155982,6.185515113203182,10.405335600775933,15.88046686219816,25.37611319383469
2019-09-09,13934,0.4443088847423568,True,,0.6799877253443394,0.9935337230492859,1.2554558088488141,2.305305863343151,3.8725633849181524,6.444550230911464,9.601648257382276,15.052799198923575,21.60706381230851
2019-09-10,13539,0.4626634167959229,True,,0.6901036668272353,0.9974126273059234,1.2648176119402728,2.287457563365353,3.850313126303431,6.008699873082658,9.069847605433875,14.562623548233445,24.043257553789392
2019-09-11,30439,0.46926640165577055,True,,0.6797848628263526,0.9930294068602441,1.2861275972849313,2.377887304770201,4.12077072131647,6.4565185358704005,10.3090319309502,14.732549764852198,22.82508484692646
2019-09-12,24754,0.4564918801001858,True,,0.6591685433130603,0.9934250654733184,1.3089469525732254,2.3775832874245433,3.998679629446093,6.443516489911798,9.457721982093615,13.942047369559695,21.48721983327258
2019-09-13,15937,0.4569241387965113,True,,0.665784213568665,0.995579149012925,1.2655489588185433,2.1865585780520758,3.587868581873611,5.938815431635263,9.403068726631652,13.194013021402627,20.558286081403907
2019-09-16,17176,0.4439333954354914,True,,0.6732158117413561,0.9968657046207934,1.2792762160918527,2.2977390970683658,3.7954738362259124,6.03602365858986,9.169120708038172,14.25302948006126,21.9962616489716
2019-09-17,13961,0.5126423608624024,True,,0.7169800944237028,0.9989664156354715,1.238521917198067,2.2103193286351734,3.701543444313187,5.935135454719356,9.692898165434425,15.331362147711438,25.540717105921285
2019-09-19,16597,0.4824365849249864,True,,0.7129355668821573,0.9983154962969937,1.281243355779766,2.319231462779664,3.876105261436153,6.27376889335152,10.137410628389322,15.66573505178595,26.209370560157026
2019-09-20,23092,0.5212194699463017,True,,0.7393880998439506,0.9992438586559089,1.263653069724354,2.2403565426472634,3.722323678059041,6.321621836086929,10.362948319849092,17.434475764632424,27.33620709410041
2019-09-23,15835,0.5033785917271866,True,,0.6837684316990233,0.9919755431621353,1.2746579318061393,2.2241967055652934,3.826851736764014,6.447331075326375,9.970712191570652,15.835571374854142,20.872925190044363
2019-09-24,50784,0.5400322936357907,True,,0.6929063382580272,0.9960143457818912,1.264595783381037,2.2822721227697684,3.985535388418172,6.311827950361234,9.700258433981784,15.016723107235183,23.687171880025062
2019-09-25,32877,0.5404690208960672,True,,0.698331303534962,0.9963093833430773,1.2643259696321316,2.323542185788616,3.911179708854469,6.43855438982129,9.937566917669796,15.25579542076947,24.21324578826661
2019-09-26,40223,0.5340974069562191,True,,0.6831386347958215,0.9963454427963647,1.279472382394558,2.3425030328148075,3.915924789161646,6.247981454263939,9.485536743294093,14.505492027415839,23.464370837420887
2019-09-27,42532,0.45231825449073637,True,,0.7050728539694423,0.9945430449144051,1.2396385179343705,2.2837421621562837,4.017243025732192,6.646386943392132,10.101601340668093,15.550109742444743,24.288395506168104
2019-09-30,21412,0.47501401083504574,True,,0.7081649486246491,0.9948797998695267,1.2355698513351465,2.251757212456519,4.046814413086677,6.474104854439821,10.147042381672057,15.92777659855879,24.10122765678096
2019-10-01,24612,0.5001625223468227,True,,0.6711369331230598,0.9931873186112263,1.2590780467320073,2.2876975254224536,3.878014021546857,6.195547792819712,9.779577120585111,14.362655127043242,20.887842301304403
2019-10-02,23745,0.492061486628764,True,,0.706984671614292,0.9900293257508838,1.2130746470724962,2.2508614576573915,3.9853085488714637,6.824865906348314,10.93279711276046,15.702126370086079,23.000898900641484
2019-10-03,57351,0.5399382748339174,True,,0.7058068108116528,0.9963764201152904,1.2433140362557933,2.2965732351906407,3.913128500720543,6.2940132426240725,10.129776025432827,15.666060233327903,24.2110409034707
2019-10-04,25054,0.49473138021872753,True,,0.6780939467638099,0.9906777074934385,1.242309129251988,2.2495592905885196,3.8120001786921933,6.351226151548825,10.292821339075758,14.549847955988259,20.6590459709775
2019-10-07,26709,0.4421730502826762,True,,0.667551692657601,0.9902368247602621,1.2454781189126372,2.2633614569031097,3.896010477524532,6.3347089312278255,9.691293494681878,14.595781584442113,19.921806073775066
2019-10-08,30237,0.4692925885504514,True,,0.6791916995851189,0.9951810249158107,1.2599830584535268,2.2646839438289708,3.764358996117657,5.950405429948289,9.707618538731012,15.002912074950048,21.088460109544304
2019-10-09,23534,0.45423642389734004,True,,0.6700603249089278,0.9970346222526069,1.2700515150295384,2.2708881524588347,3.6973539668425324,5.955969983206512,8.95029524321511,14.076309992250277,21.392140235309114
2019-10-10,20785,0.45879239836420493,True,,0.6989581997363397,0.9969924518207021,1.2303412840985253,2.2271192981527768,3.760191647282906,6.19460279736151,9.407491464317665,14.624103751625606,23.778769460642607
2019-10-11,24818,0.4290031428801676,True,,0.6983509375673081,0.9963156602861355,1.2326906786886265,2.2456022621562886,3.768015070675456,6.227172647434422,9.834387827704843,14.92874168765037,23.206610423264667
2019-10-14,28407,0.49565248002252965,True,,0.6805251127369134,0.996566267851741,1.2477551520359538,2.2199319178425942,3.7124483335006055,6.083947002437156,9.194718962342938,13.968834155111216,22.09541130643715
2019-10-15,18566,0.4765162124313261,True,,0.6442240571332746,0.99454351978727,1.2566388124003591,2.2321625626858266,3.7163368113509487,5.790243220436488,8.578611055865865,12.363407499554123,19.61200810966164
2019-10-16,19761,0.5039724710287941,True,,0.6347470719668277,0.9930919333470232,1.2755318195744394,2.1999159865610247,3.644918261775043,5.751749280971397,8.760673983539924,12.88731536124237,17.794984988493905
2019-10-17,15345,0.4946236559139785,True,,0.6266059515151604,0.9940167324238052,1.2653467377876433,2.1751840793618045,3.3879872503968786,5.313850118319997,8.453835260102736,12.626749764269595,16.64034211657973
2019-10-18,19174,0.46041514550954415,True,,0.6582428132596544,0.997533349708015,1.2578068111569691,2.141253308635532,3.521181618283281,5.436878701917666,8.8330833983452,13.032249636529354,19.632676161585966
2019-10-21,13702,0.41410013136768353,True,,0.6886266974295477,0.9939915412758301,1.2068816517145182,2.2137426159836915,3.828848580620686,6.110472884738706,9.640292725978819,14.776106472054524,21.534930454971526
2019-10-22,15181,0.47869046834859363,True,,0.6607309684216901,0.9933396182151023,1.2458952407328499,2.2802729019387526,3.8354799401833763,6.08092574667087,9.220373162959298,13.144693835771381,20.783946323100917
2019-10-23,13961,0.5109232862975431,True,,0.681163539730982,0.9942370759066903,1.2293016156316794,2.250229934673592,3.790861396084262,5.975714091732224,9.756436051572031,14.654788303264032,21.09170662024064
2019-10-24,65523,0.45461898875204126,True,,0.7596486186073322,0.9962410742510469,1.1394591328998844,2.076572606424782,3.6990205956519686,6.441193439175127,10.666760384012758,17.771792278389903,26.06831390140432
2019-10-25,71380,0.5092462874754833,True,,0.7320773523819657,0.9947165122127892,1.1996853092984912,2.1971089442815286,3.9261893631888145,6.693942060050433,10.791732010091717,16.698211519621175,25.254341804808085
2019-10-28,47763,0.4827795573979859,True,,0.7456392631402808,0.9950536286098227,1.1826848260336997,2.2141918426218785,3.975557711078931,6.874208706025431,10.984521576026092,16.932612174463973,27.02050774166212
2019-10-29,32773,0.45790742379397675,True,,0.7198092059663008,0.992298180187706,1.2223557401242042,2.2604973284789875,3.936094738635762,6.985002399354961,10.805844195850762,16.795368203401875,24.13950662121803
2019-10-30,22758,0.4685385358994639,True,,0.7436096851778201,0.995369922314796,1.195517929044268,2.1902756686105214,3.9886508002948227,6.77167206024253,10.810897614360588,17.463087696498775,26.38669514406851
2019-10-31,15007,0.42820017325248216,True,,0.7258600187715094,0.996911015954777,1.2205570226589393,2.182351951758933,3.8364643749777874,6.356086718573765,10.119761632795681,16.762692138134987,24.845725069800594
2019-11-01,15354,0.4568190699491989,True,,0.6957558392974501,0.997383689159626,1.262881702781965,2.2609484653154377,3.7911127470022588,6.017494018348883,8.97014620601681,14.277029108419928,24.999143581891648
2019-11-04,19907,0.510825337820867,True,,0.731036395219594,0.9986377986182777,1.216967008874642,2.214252301829049,3.743015001438483,6.179168249602577,10.031759390490711,16.132902543016293,26.393658615334928
2019-11-05,17805,0.4606009547879809,True,,0.7211806894953533,0.9976612617298148,1.23676540567538,2.2550798795988367,3.85075120044864,6.247178221193416,10.092742888987544,15.265141746058763,26.628435820277723
2019-11-06,20581,0.5498760993149021,True,,0.733814672061384,0.998893857192201,1.220344774845022,2.1973875276563115,3.717308040155216,6.068928384166196,10.182967750530686,16.39497140184109,26.330961926447028
2019-11-07,36969,0.5105899537450296,True,,0.7093370582704243,0.997870121190275,1.2532771531116675,2.2720057884084883,3.8778142733278966,6.16286181624442,9.835593440612532,15.535520644923793,25.099274993381766
2019-11-08,17865,0.5134620766862581,True,,0.7428073359888921,0.998067094007723,1.2276674254318998,2.201800240024384,3.7485461376104836,6.461511407521098,10.524838937827202,17.576440204713503,26.61925485746159
2019-11-11,25755,0.5176858862356823,True,,0.7673000687965167,0.9981923649574331,1.193002266308792,2.1788516930114428,3.9235519841515116,6.710845500839571,10.901908853737146,17.893260800787186,29.845267921706032
2019-11-12,19990,0.5334667333666834,True,,0.7439015731349327,0.9940691628384002,1.1879317233470448,2.247940704604159,4.102303125724974,6.91866667141502,11.171367510695323,17.34844484583305,26.803441867395822
2019-11-13,25082,0.5148712223905589,True,,0.7727808852143654,0.9951359125361845,1.1741675533804814,2.210465920712736,4.147109705963698,6.979516963221021,12.069826775336841,18.48691520720062,29.605559149385734
2019-11-14,18425,0.5234192672998643,True,,0.7944748993277114,0.9992266179555204,1.2029650040402966,2.239834637185575,4.027218798144512,6.617915163303058,11.505008215126502,19.88637864957746,33.746843956314464
2019-11-15,14664,0.5168439716312057,True,,0.6914224587338825,0.9915239657209011,1.2469810872604694,2.3727467511223206,4.1752719516413475,6.626940003858182,10.391583870054165,15.580434160495464,22.993504025780968
2019-11-18,14707,0.530495682328143,True,,0.7083988428901493,0.9866761541918615,1.1996342828423296,2.2753825389664453,4.233573981925104,7.197742437431586,10.9638031035283,15.710979825330911,23.560893134120533
2019-11-19,22649,0.49414985209060003,True,,0.7604664363834225,0.9981469272460401,1.2077466400158525,2.249597302076378,3.931684965821904,6.579064316510564,11.0072112059884,18.32823719786029,28.987825674775397
2019-11-20,23287,0.5126894834027569,True,,0.7734792089677035,0.9917018817807634,1.1511582866813004,2.275969319946916,4.27259123601932,7.596161389260765,12.254460165567588,18.612353317492754,29.740959478609213
2019-11-21,18504,0.45606355382619973,True,,0.744365237598243,0.9929314542491229,1.1762086113362216,2.2622651791813477,4.149280420971967,7.120159299837373,11.027898605228867,17.39873406654247,26.897179148762795
2019-11-22,54429,0.5347700674272906,True,,0.7607935882496663,0.9940465223850984,1.1612281833231297,2.2278932778351623,4.017543248637115,6.987358877439652,11.746399374177642,17.84753618120668,27.84086260683327
2019-11-25,38590,0.5175174915781291,True,,0.7220432242307824,0.9835656329579961,1.189202969818811,2.305791596738311,4.311384740587225,7.561802232769524,11.9036065035277,16.613176018485643,24.27406752727753
2019-11-26,29967,0.48286448426602596,True,,0.6678010215054826,0.981802809256002,1.2570460518639177,2.4102515150819315,4.384702958546242,7.169727832833136,10.487987655827242,14.931072968535148,20.95772077126228
2019-11-27,19402,0.5457169363983094,True,,0.6817416256946012,0.9943324326526224,1.2819657072913593,2.32905671518972,3.9298378992164342,6.497525580348872,9.912995901243479,15.090517849604124,22.302177039538122
2019-11-29,8926,0.4896930315930988,True,,0.6933117625869056,0.9925543406902395,1.2632439437122214,2.2880609198088657,4.050676232950273,6.705710025689017,10.463569895245294,15.08219532188893,23.22967149177556
2019-12-02,24453,0.5166237271500429,True,,0.6908555088851708,0.9925908100295421,1.2358036650867097,2.3722476275869306,4.167523671788977,6.5113217553278755,9.926807950973611,14.945008764967008,23.683816261967667
2019-12-03,23330,0.5240891555936562,True,,0.669796166967442,0.9903466943602434,1.2544809461313038,2.335947737736285,4.0774686065872805,6.5470506429374735,9.716959869988136,14.536762384205602,21.148649656205432
2019-12-04,19607,0.47319834752894374,True,,0.6744483622982719,0.9905612351542447,1.2506617716600321,2.3154557663922604,4.035686132265087,6.562755789272467,9.782310482546828,14.892710842194893,21.13551137766575
2019-12-05,13585,0.49562016930437985,True,,0.6472811181149233,0.9897195055752119,1.2770147761732595,2.3953256031160413,4.025755613181697,6.228486633873979,9.148010979941644,14.418767457232633,19.331701416740675
2019-12-06,22371,0.542353940369228,True,,0.6768419902810869,0.9901360876198608,1.2516443988862813,2.344328520427478,4.065637543205581,6.572261017096986,10.247853155677557,14.67785112900862,21.588102089186503
2019-12-09,30622,0.5336032917510287,True,,0.6563266144888802,0.9867360446321546,1.2635177505057906,2.4221210420590364,4.30047501769372,6.683326939138132,9.5182066169665,14.0548716839204,20.965492398427674
2019-12-10,26751,0.45837538783596876,True,,0.7152640544462427,0.9943028730812882,1.2312524602978365,2.2651591516652156,4.112833733964732,6.547204372044815,10.133532026369817,16.929349089557622,24.38156526788492
2019-12-11,20757,0.48956978368743076,True,,0.7310879690943018,0.998547796312756,1.2332021410042608,2.2378313996408687,3.83391956095612,6.272596440267918,10.083690507993756,16.224242678554564,27.012111202647016
2019-12-12,25419,0.4980919784413234,True,,0.717204758627501,0.9974230436702857,1.237535752675901,2.2304154051796012,3.871783526735958,6.253651445600947,9.589410052773141,15.072332677231014,26.493277834277144
2019-12-13,19830,0.48063540090771556,True,,0.7228713711571196,0.9958281645917024,1.2094404263225913,2.223987967200936,3.89647403984101,6.45925315688429,10.471493939674287,16.125418184099892,24.938797359138245
2019-12-16,50762,0.4811473149206099,True,,0.7410516503541982,0.9961637706946089,1.204181799204064,2.27031511795958,4.036293261239794,6.73928320199078,10.598384313367369,16.33685981156861,28.2891576012507
2019-12-17,25372,0.5004729623206684,True,,0.7106186330375553,0.9926245472395355,1.2137965243935156,2.2880794116136083,4.094711861142234,6.8052619519158055,10.249286876307162,16.063044247838647,24.190685278869722
2019-12-18,40618,0.5178738490324487,True,,0.7349767415430506,0.9948510321207891,1.1986039998956088,2.2011229703325554,4.050445151049508,6.785584249892962,10.6590111987935,16.38293072857516,26.450866202221345
2019-12-19,48979,0.5024398211478389,True,,0.7555565239261908,0.9968936766429095,1.1990810527644473,2.222233776075236,3.9702974045650383,6.825066831887103,11.087256777726111,17.456278719546898,28.590948032109676
2019-12-20,36554,0.462411774361219,True,,0.7383313284979219,0.9944244105363681,1.201784303549321,2.267616164015656,4.040883973126099,6.977501441270558,10.925595868880428,17.203957490678572,26.518965653699937
2019-12-23,39076,0.4953168185075238,True,,0.7585577747135642,0.994752456772672,1.1939793433151016,2.313150488852724,4.135226297380008,7.072141862133088,11.76670442382095,18.480030772691872,28.52329966975956
2019-12-24,21307,0.5093161871685362,True,,0.741456159612829,0.9927701832482656,1.1936578059227425,2.2793781060311438,4.246205723242327,7.15026046100182,11.120598059225292,16.536037441827464,27.98761153744512
2019-12-26,29876,0.4878163074039363,True,,0.7106919945601585,0.9933582259285962,1.2046906771579913,2.2854046534745796,4.008937966013785,6.621571967349681,10.373907709302381,15.681063870057839,24.121219770608857
2019-12-27,29311,0.4466582511685033,True,,0.727197507312412,0.9957408442152211,1.2116029952474343,2.2349524680714548,3.8989371724458293,6.707688290062777,10.348094513489986,16.478951048232748,25.512825377688824
2019-12-30,37225,0.4709738079247817,True,,0.7396453747380662,0.9924433248680464,1.1747948579311713,2.246294516272531,4.048647463786122,6.914873734450946,11.378949966508264,16.965115481496643,25.887415226565455
2019-12-31,27579,0.49312882990681317,True,,0.7343483946562186,0.9900122322657579,1.1960686347320781,2.277186621560667,4.182997083591841,7.102988369493116,11.559266474871286,17.76285801705927,25.066905737110627
