grid_bins_per_axis,sample,spread_bucket,model,test_observations,roc_auc,brier_score,relative_brier_reduction,relative_brier_reduction_lower_95,relative_brier_reduction_upper_95,probability_nonpositive
21,best_quote_updates,all_spreads,ofi,5489604,0.6130284775554075,0.23609167943618348,0.0557176493687469,0.052957539708202696,0.058268835534720315,0.0
31,best_quote_updates,all_spreads,ofi,5489604,0.6161326269477502,0.23600239964423972,0.05607473663248186,0.05329600676231632,0.058627266346391614,0.0
41,best_quote_updates,all_spreads,ofi,5489604,0.6180911815609909,0.23595320478592277,0.05627149848601898,0.05349494883526013,0.058821509393888714,0.0
21,best_quote_updates,all_spreads,queue,5489604,0.5375340708545338,0.24972777716788835,0.0011781312871183003,-0.0003853170853262255,0.0028296108681747935,0.0728
31,best_quote_updates,all_spreads,queue,5489604,0.537686899035067,0.2497167967510826,0.0012220490305006049,-0.0003359258508619511,0.0028698414945463593,0.0655
41,best_quote_updates,all_spreads,queue,5489604,0.5377367756498049,0.24971755665817955,0.0012190096736649503,-0.0003488773867965865,0.002878289240470649,0.0666
21,best_quote_updates,all_spreads,queue_and_ofi,5489604,0.6259867090100344,0.23609190819605344,0.05571673441101388,0.05319632649786279,0.05803369621395763,0.0
31,best_quote_updates,all_spreads,queue_and_ofi,5489604,0.626762264854621,0.23599256116757628,0.0561140870233664,0.05357349661357923,0.05844256239303404,0.0
41,best_quote_updates,all_spreads,queue_and_ofi,5489604,0.6270746835382499,0.2359457821914853,0.056301186211312415,0.05376771431022708,0.05862371959962559,0.0
21,best_quote_updates,one_tick,ofi,61829,0.6907091975131148,0.22008426989020025,0.11950905936182388,0.09828726867290019,0.14044019615503886,0.0
31,best_quote_updates,one_tick,ofi,61829,0.6937932857209639,0.21980876097404495,0.12061128763493378,0.09901482864006154,0.1419160481814542,0.0
41,best_quote_updates,one_tick,ofi,61829,0.6952001815760831,0.21986808797561427,0.1203739381531056,0.09896835315692365,0.1414659227086055,0.0
21,best_quote_updates,one_tick,queue,61829,0.6266880613664668,0.23822859773089977,0.04691906328588713,0.02362895945935274,0.06967783430681491,0.0001
31,best_quote_updates,one_tick,queue,61829,0.626752539178586,0.23819677972737116,0.04704635754399178,0.023763596706710934,0.0698144418977077,0.0001
41,best_quote_updates,one_tick,queue,61829,0.6266731271673363,0.23822110955706166,0.04694902121622757,0.0235065901885237,0.0698860210661053,0.0001
21,best_quote_updates,one_tick,queue_and_ofi,61829,0.7507871906943372,0.20470404198092584,0.18104072332773424,0.1623372652470362,0.197877300094325,0.0
31,best_quote_updates,one_tick,queue_and_ofi,61829,0.7522882632135836,0.2043721302472465,0.18236860230219254,0.16330535427680448,0.19974334132031363,0.0
41,best_quote_updates,one_tick,queue_and_ofi,61829,0.7523027175549544,0.20436520513275092,0.18239630760152736,0.16354909949317037,0.19945865422081857,0.0
21,best_quote_updates,over_ten_ticks,ofi,2720784,0.5823184896619839,0.24217219130750708,0.03142492763007765,0.029289207228555887,0.033381384105907276,0.0
31,best_quote_updates,over_ten_ticks,ofi,2720784,0.5847438803846737,0.24213813625863628,0.031561131837697376,0.02940883199791404,0.033541747647833485,0.0
41,best_quote_updates,over_ten_ticks,ofi,2720784,0.5862881076475164,0.24209707354477394,0.03172536341538712,0.029564439806567873,0.03371019817336815,0.0
21,best_quote_updates,over_ten_ticks,queue,2720784,0.5471037811947583,0.24877702763807139,0.005008683088008947,0.0036661874761954568,0.006454749645370103,0.0
31,best_quote_updates,over_ten_ticks,queue,2720784,0.5471351146897728,0.24878260489826604,0.004986376665593095,0.00364528828586351,0.0064286875226582775,0.0
41,best_quote_updates,over_ten_ticks,queue,2720784,0.5473112460818533,0.24877240959478378,0.005027153093121073,0.0036845721392146534,0.006469213834845552,0.0
21,best_quote_updates,over_ten_ticks,queue_and_ofi,2720784,0.5982224594481576,0.24175211474292688,0.03310503667456566,0.030780014000494033,0.035227596590320466,0.0
31,best_quote_updates,over_ten_ticks,queue_and_ofi,2720784,0.5984245576216106,0.24172422773861374,0.03321657159967384,0.030876672385110934,0.03534882840021379,0.0
41,best_quote_updates,over_ten_ticks,queue_and_ofi,2720784,0.5988409300877959,0.24168138800849154,0.033387910408144705,0.031048338463851237,0.035524511966380234,0.0
21,best_quote_updates,six_to_ten_ticks,ofi,1794330,0.6289281078071913,0.23276610426825523,0.06903202587673452,0.06374507745281478,0.07449444236813134,0.0
31,best_quote_updates,six_to_ten_ticks,ofi,1794330,0.6325077204197468,0.23262665274992034,0.06958977417054557,0.06427984696944336,0.07507332069537591,0.0
41,best_quote_updates,six_to_ten_ticks,ofi,1794330,0.6347103111860141,0.2325709463067111,0.0698125768622998,0.06447114157102489,0.0753128998468203,0.0
21,best_quote_updates,six_to_ten_ticks,queue,1794330,0.5295070902228178,0.2505269879011413,-0.002004149713896952,-0.004218986179710637,0.0003941103628508385,0.9491
31,best_quote_updates,six_to_ten_ticks,queue,1794330,0.5296899625794658,0.25050801082341245,-0.0019282492658330153,-0.00413987786628337,0.000477893983628763,0.9437
41,best_quote_updates,six_to_ten_ticks,queue,1794330,0.5296422144278076,0.25051530982240816,-0.0019574422375912004,-0.004183700590655487,0.00045375843755397674,0.945
21,best_quote_updates,six_to_ten_ticks,queue_and_ofi,1794330,0.6370512746487782,0.2333362013414835,0.06675187379451719,0.06190668751464996,0.07193149651773931,0.0
31,best_quote_updates,six_to_ten_ticks,queue_and_ofi,1794330,0.6379657170643508,0.23318378573947302,0.06736147305156759,0.06248119799712055,0.07254902967044959,0.0
41,best_quote_updates,six_to_ten_ticks,queue_and_ofi,1794330,0.6383295556526501,0.2331342737781466,0.0675595003823759,0.06264538621189539,0.07277269628011328,0.0
21,best_quote_updates,two_to_five_ticks,ofi,912661,0.6630042190692083,0.22473749577328384,0.10104050138446896,0.0950267907828223,0.10702767162029865,0.0
31,best_quote_updates,two_to_five_ticks,ofi,912661,0.6669296178592115,0.22458746005030217,0.10164065062899941,0.09557829412276897,0.10774288972963986,0.0
41,best_quote_updates,two_to_five_ticks,ofi,912661,0.6694736201753784,0.22452836432516898,0.10187703603168108,0.09582703288430681,0.10797807365368234,0.0
21,best_quote_updates,two_to_five_ticks,queue,912661,0.5220187234605308,0.25095065812023676,-0.0038132578845957443,-0.007313073100628775,-0.0001615845008616135,0.9796
31,best_quote_updates,two_to_five_ticks,queue,912661,0.5224952618438236,0.25092711177704985,-0.003719071514881822,-0.007238850319787144,-4.7129301322546276e-05,0.9764
41,best_quote_updates,two_to_five_ticks,queue,912661,0.5223647134008123,0.25093786688463204,-0.003762092400587891,-0.0072904119047810636,-6.887458816316022e-05,0.9774
21,best_quote_updates,two_to_five_ticks,queue_and_ofi,912661,0.675334124349417,0.22476106723062278,0.10094621455708319,0.09581646472986909,0.10613931419041536,0.0
31,best_quote_updates,two_to_five_ticks,queue_and_ofi,912661,0.6764252197284484,0.22457582964152908,0.10168717275653039,0.09647800614361922,0.10693003393561189,0.0
41,best_quote_updates,two_to_five_ticks,queue_and_ofi,912661,0.677191747784706,0.22451977267107195,0.10191140301184498,0.09671093665698001,0.10717323737227888,0.0
