sample,spread_bucket,model,calibration_bin,observations,up_moves,down_moves,predicted_up_probability,empirical_up_probability
best_quote_updates,all_spreads,intercept,0,5489604,2759015,2730589,0.4972002337025842,0.502589075641886
best_quote_updates,all_spreads,queue,0,408905,190158,218747,0.4066001878384299,0.4650420024211003
best_quote_updates,all_spreads,queue,1,783734,364743,418991,0.4202664562062884,0.465391318993434
best_quote_updates,all_spreads,queue,2,587231,278476,308755,0.44524460093855134,0.4742188338149723
best_quote_updates,all_spreads,queue,3,473132,218746,254386,0.4673982364648966,0.46233609225332467
best_quote_updates,all_spreads,queue,4,297797,142722,155075,0.48542276027169756,0.4792593612427257
best_quote_updates,all_spreads,queue,5,712987,363903,349084,0.500477481104001,0.510392195089111
best_quote_updates,all_spreads,queue,6,208258,106948,101310,0.5194393118412246,0.5135360946518261
best_quote_updates,all_spreads,queue,7,664155,357124,307031,0.5363245482792787,0.5377118293169516
best_quote_updates,all_spreads,queue,8,604453,321952,282501,0.562203849100783,0.5326336373547654
best_quote_updates,all_spreads,queue,9,748952,414243,334709,0.584477576514972,0.5530968606799902
best_quote_updates,all_spreads,ofi,0,459661,118810,340851,0.2624200237532525,0.2584730921265889
best_quote_updates,all_spreads,ofi,1,374771,123991,250780,0.42197247726507325,0.33084470249832565
best_quote_updates,all_spreads,ofi,2,4032407,2057145,1975262,0.5023257381210111,0.5101531169844711
best_quote_updates,all_spreads,ofi,3,622765,459069,163696,0.7111112027800791,0.7371464356538984
best_quote_updates,all_spreads,queue_and_ofi,0,483199,127144,356055,0.2636724256783643,0.26312968362931216
best_quote_updates,all_spreads,queue_and_ofi,1,470804,181832,288972,0.41750091440566944,0.38621592000067967
best_quote_updates,all_spreads,queue_and_ofi,2,700331,317410,382921,0.4439921713850406,0.4532285447881073
best_quote_updates,all_spreads,queue_and_ofi,3,402559,193958,208601,0.46431906614364876,0.4818126038667624
best_quote_updates,all_spreads,queue_and_ofi,4,498696,232917,265779,0.48301486238391134,0.4670520718032629
best_quote_updates,all_spreads,queue_and_ofi,5,652446,334068,318378,0.5022018228154835,0.5120239835940446
best_quote_updates,all_spreads,queue_and_ofi,6,575406,305479,269927,0.5260741860601708,0.5308929694858935
best_quote_updates,all_spreads,queue_and_ofi,7,610444,331960,278484,0.5490855716187083,0.5438009055703718
best_quote_updates,all_spreads,queue_and_ofi,8,558943,335277,223666,0.5744451394074093,0.5998411287018534
best_quote_updates,all_spreads,queue_and_ofi,9,536776,398970,137806,0.7303322384328723,0.7432709361074266
best_quote_updates,one_tick,intercept,0,61829,30451,31378,0.48896641662687595,0.4925035177667438
best_quote_updates,one_tick,queue,0,10548,3903,6645,0.3088904002600025,0.3700227531285552
best_quote_updates,one_tick,queue,1,6238,2335,3903,0.3375565365278243,0.37431869188842576
best_quote_updates,one_tick,queue,2,7961,3144,4817,0.3832237929766434,0.39492526064564754
best_quote_updates,one_tick,queue,3,4597,2086,2511,0.4334223364969704,0.45377420056558626
best_quote_updates,one_tick,queue,4,2490,1188,1302,0.46761241255307995,0.4771084337349398
best_quote_updates,one_tick,queue,5,7480,3800,3680,0.49305810636958153,0.5080213903743316
best_quote_updates,one_tick,queue,6,4451,2449,2002,0.5404742920269445,0.550213435183105
best_quote_updates,one_tick,queue,7,5243,3115,2128,0.5836523184695142,0.5941255006675568
best_quote_updates,one_tick,queue,8,4765,2888,1877,0.6244870258974783,0.6060860440713536
best_quote_updates,one_tick,queue,9,8056,5543,2513,0.6622238493354398,0.6880585898709036
best_quote_updates,one_tick,ofi,0,3403,448,2955,0.15664716812780785,0.13164854540111667
best_quote_updates,one_tick,ofi,1,3367,872,2495,0.3001446525819311,0.258984258984259
best_quote_updates,one_tick,ofi,2,3863,1077,2786,0.3991234401246268,0.27879886098886875
best_quote_updates,one_tick,ofi,3,2739,915,1824,0.46110273808522434,0.33406352683461116
best_quote_updates,one_tick,ofi,4,30894,14362,16532,0.5056182560663519,0.4648799119570143
best_quote_updates,one_tick,ofi,5,7914,4972,2942,0.5854107704671585,0.6282537275713924
best_quote_updates,one_tick,ofi,6,9649,7805,1844,0.7901307786253772,0.8088921131723494
best_quote_updates,one_tick,queue_and_ofi,0,4164,650,3514,0.1561404181394909,0.15609990393852066
best_quote_updates,one_tick,queue_and_ofi,1,6693,1323,5370,0.3046829957062023,0.1976692066337965
best_quote_updates,one_tick,queue_and_ofi,2,7178,2179,4999,0.3530001298959668,0.3035664530509891
best_quote_updates,one_tick,queue_and_ofi,3,6481,2455,4026,0.404746439784754,0.3787995679679062
best_quote_updates,one_tick,queue_and_ofi,4,5615,2564,3051,0.4658506267832427,0.4566340160284951
best_quote_updates,one_tick,queue_and_ofi,5,5700,2819,2881,0.5092616074912755,0.4945614035087719
best_quote_updates,one_tick,queue_and_ofi,6,5507,3195,2312,0.5642756975362893,0.5801706918467405
best_quote_updates,one_tick,queue_and_ofi,7,6335,3997,2338,0.6236860177703646,0.630939226519337
best_quote_updates,one_tick,queue_and_ofi,8,6595,4856,1739,0.6753076015439116,0.7363153904473085
best_quote_updates,one_tick,queue_and_ofi,9,7561,6413,1148,0.8155698431485026,0.8481682317153816
best_quote_updates,over_ten_ticks,intercept,0,2720784,1363834,1356950,0.49570218066453203,0.5012650765367629
best_quote_updates,over_ten_ticks,queue,0,296097,133858,162239,0.40389277682936064,0.4520748268303968
best_quote_updates,over_ten_ticks,queue,1,302405,137978,164427,0.42265967221922074,0.45626891089763727
best_quote_updates,over_ten_ticks,queue,2,255300,117463,137837,0.4470220382514734,0.4600979240109675
best_quote_updates,over_ten_ticks,queue,3,203318,90280,113038,0.4663500255309854,0.4440334844922732
best_quote_updates,over_ten_ticks,queue,4,148360,70716,77644,0.4836718806781581,0.47665138851442435
best_quote_updates,over_ten_ticks,queue,5,386195,194815,191380,0.49747690092165375,0.504447235205013
best_quote_updates,over_ten_ticks,queue,6,154672,80901,73771,0.516055495925293,0.5230487741802007
best_quote_updates,over_ten_ticks,queue,7,343438,189892,153546,0.5364126080782946,0.5529149366115572
best_quote_updates,over_ten_ticks,queue,8,278797,152480,126317,0.5634018585148639,0.5469212365986722
best_quote_updates,over_ten_ticks,queue,9,352202,195451,156751,0.5869633005731938,0.5549400628048676
best_quote_updates,over_ten_ticks,ofi,0,191523,58996,132527,0.3001818630533517,0.30803611054546975
best_quote_updates,over_ten_ticks,ofi,1,177900,63314,114586,0.4289203204197374,0.35589657110736367
best_quote_updates,over_ten_ticks,ofi,2,2090633,1060214,1030419,0.4994377604295627,0.5071258322240202
best_quote_updates,over_ten_ticks,ofi,3,260728,181310,79418,0.6689517800901036,0.6953990365438312
best_quote_updates,over_ten_ticks,queue_and_ofi,0,234231,73815,160416,0.3104539650223386,0.3151376205540684
best_quote_updates,over_ten_ticks,queue_and_ofi,1,270072,115544,154528,0.42449256838771016,0.42782665363310524
best_quote_updates,over_ten_ticks,queue_and_ofi,2,310224,141288,168936,0.4444909470227873,0.45543865078137086
best_quote_updates,over_ten_ticks,queue_and_ofi,3,261048,119034,142014,0.4675345325823039,0.4559851061873678
best_quote_updates,over_ten_ticks,queue_and_ofi,4,149775,73413,76362,0.48528543139030983,0.4901552328492739
best_quote_updates,over_ten_ticks,queue_and_ofi,5,364181,182982,181199,0.49887921694000575,0.5024479585700518
best_quote_updates,over_ten_ticks,queue_and_ofi,6,281016,151677,129339,0.521680299351165,0.5397450678964899
best_quote_updates,over_ten_ticks,queue_and_ofi,7,300543,163390,137153,0.5449513965861849,0.5436493280495637
best_quote_updates,over_ten_ticks,queue_and_ofi,8,303316,170453,132863,0.5672608274256242,0.561965079323214
best_quote_updates,over_ten_ticks,queue_and_ofi,9,246378,172238,74140,0.680570379240772,0.6990802750245557
best_quote_updates,six_to_ten_ticks,intercept,0,1794330,906054,888276,0.497851820798686,0.5049539382387855
best_quote_updates,six_to_ten_ticks,queue,0,135681,64953,70728,0.4101776752666699,0.4787184646339576
best_quote_updates,six_to_ten_ticks,queue,1,276490,131249,145241,0.42338673095287366,0.4746970957358313
best_quote_updates,six_to_ten_ticks,queue,2,198145,96073,102072,0.4474993531116118,0.48486209593984203
best_quote_updates,six_to_ten_ticks,queue,3,149697,71474,78223,0.4688271378033169,0.47745779808546596
best_quote_updates,six_to_ten_ticks,queue,4,97587,46916,50671,0.4863639904770152,0.4807607570680521
best_quote_updates,six_to_ten_ticks,queue,5,188957,97485,91472,0.5014965016102001,0.5159110273765989
best_quote_updates,six_to_ten_ticks,queue,6,152431,79661,72770,0.5242647031558517,0.5226036698571813
best_quote_updates,six_to_ten_ticks,queue,7,175878,91766,84112,0.5441297888691314,0.5217594014032454
best_quote_updates,six_to_ten_ticks,queue,8,161040,84651,76389,0.5635256745976519,0.5256520119225038
best_quote_updates,six_to_ten_ticks,queue,9,258424,141826,116598,0.5820832096791191,0.5488112559205027
best_quote_updates,six_to_ten_ticks,ofi,0,166276,39979,126297,0.25207442373541933,0.24043758570088286
best_quote_updates,six_to_ten_ticks,ofi,1,121548,38446,83102,0.42127112644693615,0.3163030243196104
best_quote_updates,six_to_ten_ticks,ofi,2,1287901,662151,625750,0.5032355443618132,0.5141319092073071
best_quote_updates,six_to_ten_ticks,ofi,3,218605,165478,53127,0.7240931471105885,0.7569726218521992
best_quote_updates,six_to_ten_ticks,queue_and_ofi,0,165230,40105,125125,0.24866304847898596,0.24272226593233676
best_quote_updates,six_to_ten_ticks,queue_and_ofi,1,162390,61379,101011,0.41804821148627164,0.37797278157522013
best_quote_updates,six_to_ten_ticks,queue_and_ofi,2,204027,94009,110018,0.4465297911425856,0.4607674474456812
best_quote_updates,six_to_ten_ticks,queue_and_ofi,3,169453,82496,86957,0.46537788949643416,0.4868370580632978
best_quote_updates,six_to_ten_ticks,queue_and_ofi,4,156324,74993,81331,0.48475601896597653,0.47972800081881223
best_quote_updates,six_to_ten_ticks,queue_and_ofi,5,193266,99799,93467,0.5048094041966742,0.5163815673734645
best_quote_updates,six_to_ten_ticks,queue_and_ofi,6,155267,81459,73808,0.5256623912984905,0.5246382038681755
best_quote_updates,six_to_ten_ticks,queue_and_ofi,7,207895,111821,96074,0.5460190124299935,0.5378724837057168
best_quote_updates,six_to_ten_ticks,queue_and_ofi,8,198152,120740,77412,0.5743370904327811,0.6093302111510356
best_quote_updates,six_to_ten_ticks,queue_and_ofi,9,182326,139253,43073,0.7470776763228568,0.7637583230038503
best_quote_updates,two_to_five_ticks,intercept,0,912661,458676,453985,0.500580379269674,0.5025699575198239
best_quote_updates,two_to_five_ticks,queue,0,82075,39312,42763,0.4212277115099088,0.4789765458422175
best_quote_updates,two_to_five_ticks,queue,1,151871,73267,78604,0.433176708165693,0.4824291668587156
best_quote_updates,two_to_five_ticks,queue,2,82026,40761,41265,0.45300857914388143,0.4969278033794163
best_quote_updates,two_to_five_ticks,queue,3,91771,44567,47204,0.47219568733349687,0.4856327162175415
best_quote_updates,two_to_five_ticks,queue,4,48142,23322,24820,0.490028463438523,0.48444185949898216
best_quote_updates,two_to_five_ticks,queue,5,81428,41592,39836,0.5041784700652177,0.5107825318072408
best_quote_updates,two_to_five_ticks,queue,6,75791,39726,36065,0.5243102102255706,0.5241519441622357
best_quote_updates,two_to_five_ticks,queue,7,85635,42857,42778,0.5422460050671759,0.5004612599988323
best_quote_updates,two_to_five_ticks,queue,8,83652,41849,41803,0.55968017180516,0.5002749485965667
best_quote_updates,two_to_five_ticks,queue,9,130270,71423,58847,0.5763539974790782,0.5482689798111614
best_quote_updates,two_to_five_ticks,ofi,0,76695,13354,63341,0.19115630674038028,0.17411826064280592
best_quote_updates,two_to_five_ticks,ofi,1,59511,17175,42336,0.36969477643378407,0.28860210717346374
best_quote_updates,two_to_five_ticks,ofi,2,27607,8225,19382,0.4553332751330869,0.29793168399319014
best_quote_updates,two_to_five_ticks,ofi,3,557832,276384,281448,0.5011782827098981,0.49546099901045476
best_quote_updates,two_to_five_ticks,ofi,4,81909,56598,25311,0.5859299407860659,0.690986338497601
best_quote_updates,two_to_five_ticks,ofi,5,109107,86940,22167,0.7876568994561204,0.7968324672110864
best_quote_updates,two_to_five_ticks,queue_and_ofi,0,83562,15631,67931,0.20115816251357332,0.1870587108972978
best_quote_updates,two_to_five_ticks,queue_and_ofi,1,52927,14525,38402,0.37797495072247145,0.274434598598069
best_quote_updates,two_to_five_ticks,queue_and_ofi,2,130744,55758,74986,0.4424324818951265,0.42646698892492196
best_quote_updates,two_to_five_ticks,queue_and_ofi,3,97903,46003,51900,0.46384014544080027,0.46988345607386905
best_quote_updates,two_to_five_ticks,queue_and_ofi,4,78775,38582,40193,0.48650957131770906,0.4897746747064424
best_quote_updates,two_to_five_ticks,queue_and_ofi,5,81927,41117,40810,0.5076319766799703,0.5018736191975783
best_quote_updates,two_to_five_ticks,queue_and_ofi,6,91950,49995,41955,0.5305324726758177,0.5437194127243067
best_quote_updates,two_to_five_ticks,queue_and_ofi,7,107764,58166,49598,0.5538482487428945,0.5397535355035077
best_quote_updates,two_to_five_ticks,queue_and_ofi,8,91753,62243,29510,0.6017660012475092,0.6783756389436858
best_quote_updates,two_to_five_ticks,queue_and_ofi,9,95356,76656,18700,0.8024255943566315,0.8038927807374471
