sample,spread_bucket,model,fold,evaluation_month,train_first_date,train_last_date,test_first_date,test_last_date,train_dates,test_dates,train_observations,test_observations,train_upward_fraction,test_upward_fraction,intercept,queue_coefficient,ofi_coefficient,brier_sse,roc_auc,log_loss,brier_score,accuracy,relative_brier_reduction_vs_intercept
price_spell_landmarks,all_spreads,intercept,1,2019-07,2019-01-02,2019-06-28,2019-07-01,2019-07-31,122,22,4943353,731311,0.5001190487509186,0.5048276314727934,0.00047619501267303553,,,182826.91976135178,0.5,0.693144910011126,0.24999886472561164,0.5048276314727934,0.0
price_spell_landmarks,all_spreads,ofi,1,2019-07,2019-01-02,2019-06-28,2019-07-01,2019-07-31,122,22,4943353,731311,0.5001190487509186,0.5048276314727934,0.0013307308917825883,,1.570354070757683,181204.78171064914,0.5417062709349425,0.6887148459735177,0.24778074131340722,0.5269249334414496,0.008872533939859872
price_spell_landmarks,all_spreads,queue,1,2019-07,2019-01-02,2019-06-28,2019-07-01,2019-07-31,122,22,4943353,731311,0.5001190487509186,0.5048276314727934,0.00854064001663316,0.38458184674201673,,178608.6745212549,0.5951552741073042,0.6815567873369348,0.2442308053909416,0.5769775102521363,0.023072342112436472
price_spell_landmarks,all_spreads,queue_and_ofi,1,2019-07,2019-01-02,2019-06-28,2019-07-01,2019-07-31,122,22,4943353,731311,0.5001190487509186,0.5048276314727934,0.008515529814341465,0.35109259088416644,1.236436841991414,177753.9415172207,0.6033868947718529,0.6791850932691988,0.2430620372416396,0.5810687928938577,0.027747435939701637
price_spell_landmarks,all_spreads,intercept,2,2019-08,2019-01-02,2019-07-31,2019-08-01,2019-08-30,144,22,5674664,776346,0.5007258579538806,0.5104695586761573,0.0029034338551655846,,,194075.10948633956,0.5,0.6931178366294851,0.2499853280448918,0.5104695586761573,0.0
price_spell_landmarks,all_spreads,ofi,2,2019-08,2019-01-02,2019-07-31,2019-08-01,2019-08-30,144,22,5674664,776346,0.5007258579538806,0.5104695586761573,0.003897461312976367,,1.6127298883937642,192864.2645418723,0.5299414888995881,0.6900088884755585,0.24842565626907623,0.5247029030870256,0.006239053259699312
price_spell_landmarks,all_spreads,queue,2,2019-08,2019-01-02,2019-07-31,2019-08-01,2019-08-30,144,22,5674664,776346,0.5007258579538806,0.5104695586761573,0.011329734061782146,0.40879901496329635,,192862.7706727278,0.549941385040813,0.6900067758663889,0.24842373203794157,0.5396936417525176,0.006246750635980347
price_spell_landmarks,all_spreads,queue_and_ofi,2,2019-08,2019-01-02,2019-07-31,2019-08-01,2019-08-30,144,22,5674664,776346,0.5007258579538806,0.5104695586761573,0.010973617316848722,0.3740841822024288,1.246055983775314,192033.68537021603,0.5589530253424442,0.6878510859477418,0.24735579930883397,0.5439185620844315,0.010518732265701547
price_spell_landmarks,all_spreads,intercept,3,2019-09,2019-01-02,2019-08-30,2019-09-03,2019-09-30,166,19,6451010,665008,0.5018984624113123,0.49954286264225395,0.007593886138159001,,,166255.55106006493,0.5,0.6931578603800042,0.25000533987570817,0.49954286264225395,0.0
price_spell_landmarks,all_spreads,ofi,3,2019-09,2019-01-02,2019-08-30,2019-09-03,2019-09-30,166,19,6451010,665008,0.5018984624113123,0.49954286264225395,0.008139671432005996,,1.6327140409176153,164926.51112900997,0.536282175787307,0.6892471863092103,0.2480068076309007,0.5202764478021317,0.00799395823225657
price_spell_landmarks,all_spreads,queue,3,2019-09,2019-01-02,2019-08-30,2019-09-03,2019-09-30,166,19,6451010,665008,0.5018984624113123,0.49954286264225395,0.014748774678361254,0.3952406051920856,,165840.72873558546,0.5419020466713095,0.6919313138303386,0.24938155441075216,0.5326747948896855,0.002495088565972692
price_spell_landmarks,all_spreads,queue_and_ofi,3,2019-09,2019-01-02,2019-08-30,2019-09-03,2019-09-30,166,19,6451010,665008,0.5018984624113123,0.49954286264225395,0.014789871709391805,0.3603213433016416,1.2831312446558363,164880.32130219333,0.5546969433263911,0.6890448392763008,0.24793735008028975,0.5382100666458148,0.00827178250051186
price_spell_landmarks,all_spreads,intercept,4,2019-10,2019-01-02,2019-09-30,2019-10-01,2019-10-31,185,23,7116018,1049136,0.5016783262774209,0.5027546476338626,0.006713330323050907,,,262277.2544584675,0.5,0.6931343212903797,0.24999357038407555,0.5027546476338626,0.0
price_spell_landmarks,all_spreads,ofi,4,2019-10,2019-01-02,2019-09-30,2019-10-01,2019-10-31,185,23,7116018,1049136,0.5016783262774209,0.5027546476338626,0.007393599461007405,,1.6332807245092242,260824.97493920688,0.5277993009666878,0.6904375131758604,0.2486093079821938,0.5173066218297723,0.005537192015598769
price_spell_landmarks,all_spreads,queue,4,2019-10,2019-01-02,2019-09-30,2019-10-01,2019-10-31,185,23,7116018,1049136,0.5016783262774209,0.5027546476338626,0.013081008121125328,0.37708664664916697,,261387.15517231193,0.5426158588511476,0.6914541301971286,0.24914515865656306,0.53459418035412,0.0033937341916795427
price_spell_landmarks,all_spreads,queue_and_ofi,4,2019-10,2019-01-02,2019-09-30,2019-10-01,2019-10-31,185,23,7116018,1049136,0.5016783262774209,0.5027546476338626,0.012712927288981121,0.3415434387967379,1.3094217414922829,260280.53155540762,0.5527975303791279,0.6893700754993278,0.24809036345660393,0.5395716094004972,0.0076130235051551365
price_spell_landmarks,all_spreads,intercept,5,2019-11,2019-01-02,2019-10-31,2019-11-01,2019-11-29,208,20,8165154,776005,0.5018166221972054,0.498264830767843,0.0072665207627511256,,,194008.7030702546,0.5,0.693166389479176,0.25000960441009346,0.498264830767843,0.0
price_spell_landmarks,all_spreads,ofi,5,2019-11,2019-01-02,2019-10-31,2019-11-01,2019-11-29,208,20,8165154,776005,0.5018166221972054,0.498264830767843,0.007757231872797799,,1.610081583131964,193126.0726127723,0.521457950506443,0.6909028616128035,0.24887220135536792,0.5093588314508283,0.004549437440250714
price_spell_landmarks,all_spreads,queue,5,2019-11,2019-01-02,2019-10-31,2019-11-01,2019-11-29,208,20,8165154,776005,0.5018166221972054,0.498264830767843,0.012262430555355747,0.35573781279455696,,193033.81841429175,0.5449910688978223,0.6906617502354575,0.24875331784497748,0.5362774724389663,0.0050249532136185104
price_spell_landmarks,all_spreads,queue_and_ofi,5,2019-11,2019-01-02,2019-10-31,2019-11-01,2019-11-29,208,20,8165154,776005,0.5018166221972054,0.498264830767843,0.012290813060506814,0.3211557434969771,1.300703053331244,192319.4125038721,0.5537524398478204,0.6888146844872733,0.2478326976035877,0.5406150733564861,0.008707292712382908
price_spell_landmarks,all_spreads,intercept,6,2019-12,2019-01-02,2019-11-29,2019-12-02,2019-12-31,228,21,8941159,906793,0.5015083614998905,0.5048616387643046,0.006033464302357088,,,226687.0138707523,0.5,0.6931223983655441,0.24998760893693747,0.5048616387643046,0.0
price_spell_landmarks,all_spreads,ofi,6,2019-12,2019-01-02,2019-11-29,2019-12-02,2019-12-31,228,21,8941159,906793,0.5015083614998905,0.5048616387643046,0.00643741410814388,,1.6091135601821187,225484.0838723401,0.5246268705726788,0.6905079480725692,0.2486610327520615,0.5176892631504655,0.0053065677555665935
price_spell_landmarks,all_spreads,queue,6,2019-12,2019-01-02,2019-11-29,2019-12-02,2019-12-31,228,21,8941159,906793,0.5015083614998905,0.5048616387643046,0.01120805469105189,0.34581656159523444,,225546.22303192667,0.5451783197504101,0.6906076770986564,0.2487295590415086,0.5354430393706171,0.005032449011287743
price_spell_landmarks,all_spreads,queue_and_ofi,6,2019-12,2019-01-02,2019-11-29,2019-12-02,2019-12-31,228,21,8941159,906793,0.5015083614998905,0.5048616387643046,0.010722363585674483,0.31249366490135494,1.3170037564601127,224565.9248628908,0.5556201178014728,0.6884516494312867,0.247648498458734,0.5409602853131862,0.009356905680847127
price_spell_landmarks,one_tick,intercept,1,2019-07,2019-01-02,2019-06-28,2019-07-01,2019-07-31,122,22,41734,12577,0.5076915704221977,0.49670032599188996,0.03076870888820828,,,3145.632458879216,0.5,0.6933670417819984,0.250109919605567,0.49670032599188996,0.0
price_spell_landmarks,one_tick,ofi,1,2019-07,2019-01-02,2019-06-28,2019-07-01,2019-07-31,122,22,41734,12577,0.5076915704221977,0.49670032599188996,0.03549918178664932,,1.7919899000138342,3079.8743154177373,0.5732412853588363,0.682916304903733,0.24488147534529198,0.5450425379661287,0.020904585745821103
price_spell_landmarks,one_tick,queue,1,2019-07,2019-01-02,2019-06-28,2019-07-01,2019-07-31,122,22,41734,12577,0.5076915704221977,0.49670032599188996,0.024898988819597123,0.8172714632547927,,2965.426075655234,0.6392130845238575,0.6642967165497417,0.23578167095930938,0.6001431183907132,0.05728780637270925
price_spell_landmarks,one_tick,queue_and_ofi,1,2019-07,2019-01-02,2019-06-28,2019-07-01,2019-07-31,122,22,41734,12577,0.5076915704221977,0.49670032599188996,0.028618029502407917,0.7530053212099221,1.3291585823634378,2940.0637494242383,0.6475202631228234,0.660021188558761,0.23376510689546304,0.6056293233680528,0.06535051762793087
price_spell_landmarks,one_tick,intercept,2,2019-08,2019-01-02,2019-07-31,2019-08-01,2019-08-30,144,22,54311,2607,0.5051462871241553,0.47717683160721136,0.02058587545303506,,,652.4314526626997,0.5,0.6936699868101159,0.2502613934264287,0.47717683160721136,0.0
price_spell_landmarks,one_tick,ofi,2,2019-08,2019-01-02,2019-07-31,2019-08-01,2019-08-30,144,22,54311,2607,0.5051462871241553,0.47717683160721136,0.025641467654237988,,1.7900699760499024,635.6672526060174,0.5729615138726047,0.6803564578703727,0.24383093694131855,0.520138089758343,0.025694959965930964
price_spell_landmarks,one_tick,queue,2,2019-08,2019-01-02,2019-07-31,2019-08-01,2019-08-30,144,22,54311,2607,0.5051462871241553,0.47717683160721136,0.018065969556015842,0.8355378411854101,,645.5415545111487,0.5790857008726259,0.6887370227268101,0.24761854795210914,0.5592635212888377,0.010560340283154668
price_spell_landmarks,one_tick,queue_and_ofi,2,2019-08,2019-01-02,2019-07-31,2019-08-01,2019-08-30,144,22,54311,2607,0.5051462871241553,0.47717683160721136,0.021427537469416343,0.7678004599704057,1.294887491814438,632.7997756887999,0.5988737134135266,0.6781661638476344,0.2427310225120061,0.5634829305715382,0.030090022321546783
price_spell_landmarks,one_tick,intercept,3,2019-09,2019-01-02,2019-08-30,2019-09-03,2019-09-30,166,19,56918,4769,0.5038652095997751,0.48332983854057454,0.0154611463868543,,,1192.9358164483624,0.5,0.6934348009498938,0.25014380718145574,0.48332983854057454,0.0
price_spell_landmarks,one_tick,ofi,3,2019-09,2019-01-02,2019-08-30,2019-09-03,2019-09-30,166,19,56918,4769,0.5038652095997751,0.48332983854057454,0.02022041228419182,,1.819426217565712,1163.0514558219625,0.5813706087838408,0.6807142507171717,0.24387742835436413,0.5347032920947787,0.025051105193045875
price_spell_landmarks,one_tick,queue,3,2019-09,2019-01-02,2019-08-30,2019-09-03,2019-09-30,166,19,56918,4769,0.5038652095997751,0.48332983854057454,0.012961784694932638,0.8192760226298252,,1197.0398821459617,0.5704476786770714,0.6958085155015664,0.2510043787263496,0.5586076745648983,-0.0034403072160393844
price_spell_landmarks,one_tick,queue_and_ofi,3,2019-09,2019-01-02,2019-08-30,2019-09-03,2019-09-30,166,19,56918,4769,0.5038652095997751,0.48332983854057454,0.016530652877869263,0.7521518398054564,1.3281060483812768,1169.2527892709763,0.5964397519508692,0.6835832608772909,0.24517777086831125,0.5709792409310128,0.01985272539464511
price_spell_landmarks,one_tick,intercept,4,2019-10,2019-01-02,2019-09-30,2019-10-01,2019-10-31,185,23,61687,5823,0.502277627376919,0.49630774514854886,0.009110572523868087,,,1455.8781452932112,0.5,0.6931911943961279,0.25002200674793257,0.49630774514854886,0.0
price_spell_landmarks,one_tick,ofi,4,2019-10,2019-01-02,2019-09-30,2019-10-01,2019-10-31,185,23,61687,5823,0.502277627376919,0.49630774514854886,0.014395791414393596,,1.8431899509224081,1414.3133659471355,0.5717071694605119,0.6782943424430159,0.2428839714832793,0.5334020264468488,0.028549627920751997
price_spell_landmarks,one_tick,queue,4,2019-10,2019-01-02,2019-09-30,2019-10-01,2019-10-31,185,23,61687,5823,0.502277627376919,0.49630774514854886,0.007095300484205126,0.7728923680308656,,1405.036879152313,0.6120922635514967,0.675639983559749,0.24129089458222794,0.5835479993130689,0.03492137463926204
price_spell_landmarks,one_tick,queue_and_ofi,4,2019-10,2019-01-02,2019-09-30,2019-10-01,2019-10-31,185,23,61687,5823,0.502277627376919,0.49630774514854886,0.010990361043805139,0.7058531861093164,1.4049021881437853,1365.6645686393736,0.6423460160422444,0.6614405141675086,0.2345293780936585,0.6046711317190452,0.06196506001927027
price_spell_landmarks,one_tick,intercept,5,2019-11,2019-01-02,2019-10-31,2019-11-01,2019-11-29,208,20,67510,2773,0.5017627018219523,0.4691669671835557,0.007050836498277809,,,693.5600380489723,0.5,0.6933707935071235,0.2501118060039568,0.4691669671835557,0.0
price_spell_landmarks,one_tick,ofi,5,2019-11,2019-01-02,2019-10-31,2019-11-01,2019-11-29,208,20,67510,2773,0.5017627018219523,0.4691669671835557,0.009985916173650066,,1.8706550657919585,673.9158589421652,0.5792463677605856,0.6787733350766502,0.2430277168922341,0.5041471330688785,0.028323689412768638
price_spell_landmarks,one_tick,queue,5,2019-11,2019-01-02,2019-10-31,2019-11-01,2019-11-29,208,20,67510,2773,0.5017627018219523,0.4691669671835557,0.005685294859901944,0.7529135820492844,,659.7403316678304,0.6249023535407545,0.6686653772741834,0.2379157344636965,0.5997115037865128,0.04876247840962522
price_spell_landmarks,one_tick,queue_and_ofi,5,2019-11,2019-01-02,2019-10-31,2019-11-01,2019-11-29,208,20,67510,2773,0.5017627018219523,0.4691669671835557,0.00798450092741717,0.6913391580911311,1.4911311695470562,642.0965572870866,0.6537038816295159,0.6551740150327038,0.23155303183811274,0.6155787955283087,0.07420191178640512
price_spell_landmarks,one_tick,intercept,6,2019-12,2019-01-02,2019-11-29,2019-12-02,2019-12-31,228,21,70283,4102,0.5004766444232602,0.46318868844466116,0.0019065782705814474,,,1025.6448785488199,0.5,0.6932178185866872,0.2500353190026377,0.46318868844466116,0.0
price_spell_landmarks,one_tick,ofi,6,2019-12,2019-01-02,2019-11-29,2019-12-02,2019-12-31,228,21,70283,4102,0.5004766444232602,0.46318868844466116,0.003923564183525659,,1.884003566236444,1001.7095236854,0.5696849753812324,0.6814539696549963,0.24420027393598245,0.4978059483178937,0.02333688332484618
price_spell_landmarks,one_tick,queue,6,2019-12,2019-01-02,2019-11-29,2019-12-02,2019-12-31,228,21,70283,4102,0.5004766444232602,0.46318868844466116,0.0026855858973967605,0.7498899771240883,,985.1893610155385,0.6097311056933887,0.6734159396444543,0.24017293052548472,0.5870307167235495,0.0394439814202765
price_spell_landmarks,one_tick,queue_and_ofi,6,2019-12,2019-01-02,2019-11-29,2019-12-02,2019-12-31,228,21,70283,4102,0.5004766444232602,0.46318868844466116,0.004181363946221591,0.6897972612823324,1.5253379923981236,962.8480511450487,0.6372069649600841,0.6619534799282155,0.23472648735861742,0.6036079960994637,0.06122667671545545
