sample,spread_bucket,model,target_train_signal_fraction,entry_latency_us,shares,filled_round_trips,filled_test_dates,quoted_round_trip_mean_bps,cluster_standard_error_bps,pointwise_lower_95_bps,pointwise_upper_95_bps,simultaneous_lower_95_bps,simultaneous_upper_95_bps,familywise_adjusted_p_value,inference_status
price_spell_round_trips,all_spreads,ofi,0.05,0,1,99215,51,-3.4522184268871623,0.1471730659473044,-3.746346439082652,-3.1737282933861093,-3.8975184177509967,-3.006918436023328,9.999000099990002e-05,estimable
price_spell_round_trips,all_spreads,ofi,0.05,0,100,52050,51,-4.500555725586864,0.1900461027366112,-4.871248926584885,-4.13172672539105,-5.075576210942665,-3.9255352402310626,9.999000099990002e-05,estimable
price_spell_round_trips,all_spreads,ofi,0.05,0,500,628,51,-4.442193013333773,0.1822048547257627,-4.794235941504548,-4.084162882296076,-4.993488317420047,-3.890897709247499,9.999000099990002e-05,estimable
price_spell_round_trips,all_spreads,ofi,0.05,10,1,96261,51,-3.486573402905303,0.14870048190481686,-3.7840598153113514,-3.20533347166626,-3.9364948800957804,-3.0366519257148252,9.999000099990002e-05,estimable
price_spell_round_trips,all_spreads,ofi,0.05,10,100,50796,51,-4.5267484457851985,0.19044137735679378,-4.898413290176903,-4.157107348932715,-5.102964909383507,-3.9505319821868903,9.999000099990002e-05,estimable
price_spell_round_trips,all_spreads,ofi,0.05,10,500,616,51,-4.464275483987839,0.18286247510453096,-4.8212523840872334,-4.101754768543388,-5.017560543106887,-3.9109904248687912,9.999000099990002e-05,estimable
price_spell_round_trips,all_spreads,ofi,0.05,100,1,84071,51,-3.611686572982244,0.15311843031659989,-3.9192687536034256,-3.322402756583384,-4.074975390009946,-3.148397755954542,9.999000099990002e-05,estimable
price_spell_round_trips,all_spreads,ofi,0.05,100,100,45869,51,-4.597742954704415,0.18769268721788682,-4.962345594882612,-4.231722728954207,-5.16564273558728,-4.0298431738215506,9.999000099990002e-05,estimable
price_spell_round_trips,all_spreads,ofi,0.05,100,500,556,51,-4.396658543632213,0.17636658198764885,-4.733350058605664,-4.037417427973232,-4.930289047571744,-3.8630280396926833,9.999000099990002e-05,estimable
price_spell_round_trips,all_spreads,ofi,0.05,1000,1,57990,51,-3.8098175342282032,0.162157800951252,-4.133485551159028,-3.503461396137114,-4.30045667949101,-3.319178388965397,9.999000099990002e-05,estimable
price_spell_round_trips,all_spreads,ofi,0.05,1000,100,32526,51,-4.747081362034867,0.18937130131912727,-5.1173771856611685,-4.380620904453272,-5.320060107870557,-4.1741026161991766,9.999000099990002e-05,estimable
price_spell_round_trips,all_spreads,ofi,0.05,1000,500,407,51,-4.500362294867577,0.19464260692657206,-4.8625240834565915,-4.089758556862767,-5.089290374392329,-3.9114342153428265,9.999000099990002e-05,estimable
price_spell_round_trips,all_spreads,ofi,0.05,10000,1,40521,51,-3.6077769197578102,0.14084966817976177,-3.89192548240551,-3.343851903825795,-4.03394427279834,-3.1816095667172806,9.999000099990002e-05,estimable
price_spell_round_trips,all_spreads,ofi,0.05,10000,100,22894,51,-4.509321023895041,0.17000135526718343,-4.837858459754597,-4.180518286424913,-5.0236923285903,-3.994949719199783,9.999000099990002e-05,estimable
price_spell_round_trips,all_spreads,ofi,0.05,10000,500,327,51,-4.483425460212605,0.21877703323896852,-4.8810826703349885,-4.027376730343797,-5.145376818468684,-3.821474101956527,9.999000099990002e-05,estimable
price_spell_round_trips,all_spreads,ofi,0.1,0,1,156843,51,-3.648326133853459,0.1603857682522349,-3.96736791193784,-3.341303545317503,-4.133603658499044,-3.1630486092078742,9.999000099990002e-05,estimable
price_spell_round_trips,all_spreads,ofi,0.1,0,100,93656,51,-4.5665848022821045,0.19025425806078455,-4.936015982408046,-4.189601751865676,-5.142235101003252,-3.9909345035609567,9.999000099990002e-05,estimable
price_spell_round_trips,all_spreads,ofi,0.1,0,500,1198,51,-4.441907165088061,0.16261171306717664,-4.7532252585186425,-4.117061612604702,-4.93391970744478,-3.9498946227313425,9.999000099990002e-05,estimable
price_spell_round_trips,all_spreads,ofi,0.1,10,1,152962,51,-3.6795038801604587,0.16160131264794092,-4.0018805125172285,-3.3706308080145533,-4.168459264642817,-3.1905484956781,9.999000099990002e-05,estimable
price_spell_round_trips,all_spreads,ofi,0.1,10,100,91847,51,-4.589762862049625,0.19052416659226368,-4.960885616973158,-4.211935225334817,-5.166229820163088,-4.013295903936162,9.999000099990002e-05,estimable
price_spell_round_trips,all_spreads,ofi,0.1,10,500,1181,51,-4.458296406352936,0.16554208062934272,-4.7796257642866,-4.129045666239168,-4.959175330885368,-3.9574174818205043,9.999000099990002e-05,estimable
price_spell_round_trips,all_spreads,ofi,0.1,100,1,136147,51,-3.7954158303452763,0.16525155304917416,-4.125799021341707,-3.4795890474410167,-4.295415708647598,-3.295415952042955,9.999000099990002e-05,estimable
price_spell_round_trips,all_spreads,ofi,0.1,100,100,84265,51,-4.6503832283808855,0.1895913816189833,-5.018106171299216,-4.277900500322537,-5.224027868854868,-4.076738587906903,9.999000099990002e-05,estimable
price_spell_round_trips,all_spreads,ofi,0.1,100,500,1095,51,-4.413836189338649,0.1641335544551573,-4.721622232339791,-4.081061802815519,-4.910453351105869,-3.9172190275714285,9.999000099990002e-05,estimable
price_spell_round_trips,all_spreads,ofi,0.1,1000,1,96476,51,-4.002570069627388,0.17168576994148765,-4.344258414589498,-3.674663277446782,-4.522037890008113,-3.483102249246663,9.999000099990002e-05,estimable
price_spell_round_trips,all_spreads,ofi,0.1,1000,100,61950,51,-4.7964537233348175,0.1895150968744129,-5.165556042925224,-4.426725216931683,-5.369867549863043,-4.223039896806592,9.999000099990002e-05,estimable
price_spell_round_trips,all_spreads,ofi,0.1,1000,500,826,51,-4.5267367313878095,0.18312174781746954,-4.875147364344812,-4.152067994064275,-5.080806269215374,-3.972667193560245,9.999000099990002e-05,estimable
price_spell_round_trips,all_spreads,ofi,0.1,10000,1,66830,51,-3.771705748900833,0.14928417572267172,-4.069103807195707,-3.4897944379789334,-4.223393302309708,-3.320018195491959,9.999000099990002e-05,estimable
price_spell_round_trips,all_spreads,ofi,0.1,10000,100,42774,51,-4.534107823322812,0.16771881615529707,-4.860942820399214,-4.209845780953825,-5.041572873540548,-4.026642773105077,9.999000099990002e-05,estimable
price_spell_round_trips,all_spreads,ofi,0.1,10000,500,665,51,-4.454037201289783,0.20453323339780768,-4.84644966616582,-4.042338745250072,-5.07289124484151,-3.8351831577380557,9.999000099990002e-05,estimable
price_spell_round_trips,all_spreads,ofi,0.2,0,1,2198301,51,-4.3451955515957135,0.17972193156739444,-4.701796306818638,-4.005678959093732,-4.888978301311932,-3.8014128018794957,9.999000099990002e-05,estimable
price_spell_round_trips,all_spreads,ofi,0.2,0,100,1382801,51,-5.316699857664724,0.19573091361774544,-5.69931437542512,-4.940193109465091,-5.908920815247815,-4.724478900081633,9.999000099990002e-05,estimable
price_spell_round_trips,all_spreads,ofi,0.2,0,500,25426,51,-5.322843012669386,0.2122890836715831,-5.730582186083954,-4.917829873003921,-5.965163850459741,-4.680522174879031,9.999000099990002e-05,estimable
price_spell_round_trips,all_spreads,ofi,0.2,10,1,2175478,51,-4.357867866439794,0.17989342111986945,-4.714584456968199,-4.017955137234989,-4.902169490283278,-3.8135662425963113,9.999000099990002e-05,estimable
price_spell_round_trips,all_spreads,ofi,0.2,10,100,1372218,51,-5.324241058738103,0.19571228148405767,-5.707280271247637,-4.947218163185823,-5.91640564127113,-4.732076476205076,9.999000099990002e-05,estimable
price_spell_round_trips,all_spreads,ofi,0.2,10,500,25236,51,-5.3332179353311755,0.21299682525593197,-5.742528160565794,-4.927276545507231,-5.977680179356537,-4.688755691305814,9.999000099990002e-05,estimable
price_spell_round_trips,all_spreads,ofi,0.2,100,1,2044491,51,-4.414094163005966,0.18137740958868456,-4.772978861231472,-4.071123982527015,-4.962885875082319,-3.8653024509296126,9.999000099990002e-05,estimable
price_spell_round_trips,all_spreads,ofi,0.2,100,100,1307260,51,-5.354885145595813,0.19656494655947662,-5.7389242394963755,-4.974871352134114,-5.9496296278397685,-4.760140663351858,9.999000099990002e-05,estimable
price_spell_round_trips,all_spreads,ofi,0.2,100,500,24228,51,-5.3558167053589845,0.21350370841848357,-5.763247480348506,-4.949499847286081,-6.001812620414438,-4.709820790303531,9.999000099990002e-05,estimable
price_spell_round_trips,all_spreads,ofi,0.2,1000,1,1564677,51,-4.492164231504544,0.1801084542887953,-4.849626225428776,-4.1530572646996715,-5.037116478935582,-3.947211984073506,9.999000099990002e-05,estimable
price_spell_round_trips,all_spreads,ofi,0.2,1000,100,1033851,51,-5.363536032663475,0.19301145795398045,-5.741554108948892,-4.991705796762215,-5.94752876197372,-4.779543303353231,9.999000099990002e-05,estimable
price_spell_round_trips,all_spreads,ofi,0.2,1000,500,20107,51,-5.348930867474562,0.21463576170456858,-5.765269611780797,-4.940154863675022,-5.99835202419843,-4.699509710750694,9.999000099990002e-05,estimable
price_spell_round_trips,all_spreads,ofi,0.2,10000,1,1176470,51,-4.331012577490768,0.17248315866909916,-4.672500392773399,-4.004551569792891,-4.852893048520814,-3.809132106460723,9.999000099990002e-05,estimable
price_spell_round_trips,all_spreads,ofi,0.2,10000,100,783752,51,-5.164648616906422,0.18532421084314135,-5.5268762796035675,-4.806945454797147,-5.725382123843393,-4.60391510996945,9.999000099990002e-05,estimable
price_spell_round_trips,all_spreads,ofi,0.2,10000,500,16455,51,-5.220093712344647,0.20539139573255755,-5.617664185336328,-4.824531570765016,-5.841544288606785,-4.598643136082508,9.999000099990002e-05,estimable
price_spell_round_trips,all_spreads,ofi,1.0,0,1,2198301,51,-4.3451955515957135,0.17972193156739444,-4.701796306818638,-4.005678959093732,-4.888978301311932,-3.8014128018794957,9.999000099990002e-05,estimable
price_spell_round_trips,all_spreads,ofi,1.0,0,100,1382801,51,-5.316699857664724,0.19573091361774544,-5.69931437542512,-4.940193109465091,-5.908920815247815,-4.724478900081633,9.999000099990002e-05,estimable
price_spell_round_trips,all_spreads,ofi,1.0,0,500,25426,51,-5.322843012669386,0.2122890836715831,-5.730582186083954,-4.917829873003921,-5.965163850459741,-4.680522174879031,9.999000099990002e-05,estimable
price_spell_round_trips,all_spreads,ofi,1.0,10,1,2175478,51,-4.357867866439794,0.17989342111986945,-4.714584456968199,-4.017955137234989,-4.902169490283278,-3.8135662425963113,9.999000099990002e-05,estimable
price_spell_round_trips,all_spreads,ofi,1.0,10,100,1372218,51,-5.324241058738103,0.19571228148405767,-5.707280271247637,-4.947218163185823,-5.91640564127113,-4.732076476205076,9.999000099990002e-05,estimable
price_spell_round_trips,all_spreads,ofi,1.0,10,500,25236,51,-5.3332179353311755,0.21299682525593197,-5.742528160565794,-4.927276545507231,-5.977680179356537,-4.688755691305814,9.999000099990002e-05,estimable
price_spell_round_trips,all_spreads,ofi,1.0,100,1,2044491,51,-4.414094163005966,0.18137740958868456,-4.772978861231472,-4.071123982527015,-4.962885875082319,-3.8653024509296126,9.999000099990002e-05,estimable
price_spell_round_trips,all_spreads,ofi,1.0,100,100,1307260,51,-5.354885145595813,0.19656494655947662,-5.7389242394963755,-4.974871352134114,-5.9496296278397685,-4.760140663351858,9.999000099990002e-05,estimable
price_spell_round_trips,all_spreads,ofi,1.0,100,500,24228,51,-5.3558167053589845,0.21350370841848357,-5.763247480348506,-4.949499847286081,-6.001812620414438,-4.709820790303531,9.999000099990002e-05,estimable
price_spell_round_trips,all_spreads,ofi,1.0,1000,1,1564677,51,-4.492164231504544,0.1801084542887953,-4.849626225428776,-4.1530572646996715,-5.037116478935582,-3.947211984073506,9.999000099990002e-05,estimable
price_spell_round_trips,all_spreads,ofi,1.0,1000,100,1033851,51,-5.363536032663475,0.19301145795398045,-5.741554108948892,-4.991705796762215,-5.94752876197372,-4.779543303353231,9.999000099990002e-05,estimable
price_spell_round_trips,all_spreads,ofi,1.0,1000,500,20107,51,-5.348930867474562,0.21463576170456858,-5.765269611780797,-4.940154863675022,-5.99835202419843,-4.699509710750694,9.999000099990002e-05,estimable
price_spell_round_trips,all_spreads,ofi,1.0,10000,1,1176470,51,-4.331012577490768,0.17248315866909916,-4.672500392773399,-4.004551569792891,-4.852893048520814,-3.809132106460723,9.999000099990002e-05,estimable
price_spell_round_trips,all_spreads,ofi,1.0,10000,100,783752,51,-5.164648616906422,0.18532421084314135,-5.5268762796035675,-4.806945454797147,-5.725382123843393,-4.60391510996945,9.999000099990002e-05,estimable
price_spell_round_trips,all_spreads,ofi,1.0,10000,500,16455,51,-5.220093712344647,0.20539139573255755,-5.617664185336328,-4.824531570765016,-5.841544288606785,-4.598643136082508,9.999000099990002e-05,estimable
price_spell_round_trips,all_spreads,queue,0.05,0,1,130622,51,-4.157463670503098,0.1735407097615511,-4.503080916851728,-3.828060432100561,-4.6825439627013425,-3.632383378304854,9.999000099990002e-05,estimable
price_spell_round_trips,all_spreads,queue,0.05,0,100,63749,51,-5.660462501690166,0.2165222813003607,-6.081519456599129,-5.24549077343286,-6.315591680825359,-5.005333322554972,9.999000099990002e-05,estimable
price_spell_round_trips,all_spreads,queue,0.05,0,500,1456,50,-5.338915517060486,0.39963284655185655,-6.1239028096878165,-4.615616270518787,-6.548080399051513,-4.129750635069459,9.999000099990002e-05,estimable
price_spell_round_trips,all_spreads,queue,0.05,10,1,129445,51,-4.170535429305503,0.1737793823364577,-4.516069595933076,-3.840171648838756,-4.696337870592246,-3.6447329880187604,9.999000099990002e-05,estimable
price_spell_round_trips,all_spreads,queue,0.05,10,100,63306,51,-5.672196662858302,0.2166383302575941,-6.091852608764915,-5.256464050582584,-6.327676970097427,-5.016716355619177,9.999000099990002e-05,estimable
price_spell_round_trips,all_spreads,queue,0.05,10,500,1443,50,-5.369647122426464,0.4053648903670669,-6.166147445933044,-4.636323177588257,-6.596155388834434,-4.143138856018494,9.999000099990002e-05,estimable
price_spell_round_trips,all_spreads,queue,0.05,100,1,122595,51,-4.222762074642953,0.17466683055826088,-4.567446544776251,-3.8899009359191634,-4.751249658639181,-3.694274490646724,9.999000099990002e-05,estimable
price_spell_round_trips,all_spreads,queue,0.05,100,100,60651,51,-5.711438520810556,0.2171555598504133,-6.130317083146736,-5.292881281507953,-6.368483804164531,-5.054393237456581,9.999000099990002e-05,estimable
price_spell_round_trips,all_spreads,queue,0.05,100,500,1372,50,-5.393977901450809,0.41546764391120483,-6.213243504266089,-4.648259705907265,-6.651053962529272,-4.136901840372345,9.999000099990002e-05,estimable
price_spell_round_trips,all_spreads,queue,0.05,1000,1,97739,51,-4.2604051246519825,0.1691220087847513,-4.5938432963140245,-3.938422873431264,-4.772115799984982,-3.7486944493189838,9.999000099990002e-05,estimable
price_spell_round_trips,all_spreads,queue,0.05,1000,100,49755,51,-5.6924185793004005,0.2112946370202151,-6.098471087030918,-5.285211410792584,-6.331730530363294,-5.053106628237507,9.999000099990002e-05,estimable
price_spell_round_trips,all_spreads,queue,0.05,1000,500,1145,51,-5.2802392105531135,0.39173746824806727,-6.068195567800144,-4.585421512056097,-6.465515129819108,-4.094963291287119,9.999000099990002e-05,estimable
price_spell_round_trips,all_spreads,queue,0.05,10000,1,75583,51,-4.090308531005607,0.15936888498469423,-4.403584464803078,-3.786677270833093,-4.572509282691202,-3.6081077793200116,9.999000099990002e-05,estimable
price_spell_round_trips,all_spreads,queue,0.05,10000,100,39244,51,-5.451638788560501,0.19988164672122177,-5.839272155484996,-5.065011450948445,-6.056418575445402,-4.8468590016756,9.999000099990002e-05,estimable
price_spell_round_trips,all_spreads,queue,0.05,10000,500,935,51,-5.02068211423448,0.35206013766055094,-5.749571410014547,-4.381968014432741,-6.085906753503029,-3.9554574749659315,9.999000099990002e-05,estimable
price_spell_round_trips,all_spreads,queue,0.1,0,1,367342,51,-4.042746965067955,0.1643280415796071,-4.372620785337685,-3.7308213862189743,-4.539952584473012,-3.545541345662897,9.999000099990002e-05,estimable
price_spell_round_trips,all_spreads,queue,0.1,0,100,179414,51,-5.478869413415169,0.20278701715647518,-5.8768924006676855,-5.0868559775526565,-6.0924399489329595,-4.865298877897379,9.999000099990002e-05,estimable
price_spell_round_trips,all_spreads,queue,0.1,0,500,4068,51,-5.112332226461384,0.2574203876984765,-5.639687372646217,-4.661539132600695,-5.891206374067575,-4.333458078855194,9.999000099990002e-05,estimable
price_spell_round_trips,all_spreads,queue,0.1,10,1,363859,51,-4.054325532337309,0.16464168487001485,-4.384624950182769,-3.7421537980494586,-4.552480138932747,-3.5561709257418705,9.999000099990002e-05,estimable
price_spell_round_trips,all_spreads,queue,0.1,10,100,178053,51,-5.488702016088722,0.20290052938966152,-5.886749592641152,-5.096576835760577,-6.102616004371294,-4.874788027806151,9.999000099990002e-05,estimable
price_spell_round_trips,all_spreads,queue,0.1,10,500,4029,51,-5.129726856262143,0.26122769260535367,-5.665071478872091,-4.673930297761857,-5.920120726103754,-4.339332986420532,9.999000099990002e-05,estimable
price_spell_round_trips,all_spreads,queue,0.1,100,1,344393,51,-4.105587159903721,0.16563914307594058,-4.4369432831353235,-3.7913132231607336,-4.606759765255433,-3.6044145545520103,9.999000099990002e-05,estimable
price_spell_round_trips,all_spreads,queue,0.1,100,100,170467,51,-5.5263772250201075,0.20316517010248683,-5.925326956409452,-5.1324103102095835,-6.141091933911744,-4.911662516128471,9.999000099990002e-05,estimable
price_spell_round_trips,all_spreads,queue,0.1,100,500,3817,51,-5.170643104622143,0.26534424077275925,-5.717827022789203,-4.709722274239591,-5.9734923707656336,-4.3677938384786525,9.999000099990002e-05,estimable
price_spell_round_trips,all_spreads,queue,0.1,1000,1,272622,51,-4.145657613525458,0.1614775684238246,-4.46758528134934,-3.839287147087283,-4.634238586416172,-3.657076640634743,9.999000099990002e-05,estimable
price_spell_round_trips,all_spreads,queue,0.1,1000,100,139148,51,-5.50439974024228,0.1963990349475642,-5.891921548702193,-5.124468608599257,-6.098642225474804,-4.910157255009756,9.999000099990002e-05,estimable
price_spell_round_trips,all_spreads,queue,0.1,1000,500,3191,51,-5.17219356393147,0.26859276528844084,-5.723607414307936,-4.70840602567709,-5.984871856383835,-4.359515271479104,9.999000099990002e-05,estimable
price_spell_round_trips,all_spreads,queue,0.1,10000,1,210377,51,-3.9878708454291405,0.1533246589601413,-4.294261055689722,-3.695740556930255,-4.451783646284955,-3.523958044573326,9.999000099990002e-05,estimable
price_spell_round_trips,all_spreads,queue,0.1,10000,100,109286,51,-5.287477885165879,0.18755569906188455,-5.653881149345807,-4.920892462759696,-5.8549631824323045,-4.719992587899454,9.999000099990002e-05,estimable
price_spell_round_trips,all_spreads,queue,0.1,10000,500,2597,51,-4.974282820535029,0.24942764336292628,-5.501510277506244,-4.54061204528179,-5.728973406042487,-4.219592235027571,9.999000099990002e-05,estimable
price_spell_round_trips,all_spreads,queue,0.2,0,1,549682,51,-4.006961519069785,0.1612051311959448,-4.3350431165073555,-3.7012947646804704,-4.4947181815181985,-3.5192048566213714,9.999000099990002e-05,estimable
price_spell_round_trips,all_spreads,queue,0.2,0,100,266014,51,-5.423442891651011,0.19702507996656257,-5.811745462862354,-5.043704289075366,-6.019579594683823,-4.827306188618199,9.999000099990002e-05,estimable
price_spell_round_trips,all_spreads,queue,0.2,0,500,5914,51,-5.148722096091121,0.24379758396798365,-5.647152596252968,-4.708475318207128,-5.886377870364651,-4.411066321817591,9.999000099990002e-05,estimable
price_spell_round_trips,all_spreads,queue,0.2,10,1,544151,51,-4.01850951337898,0.16151689100983138,-4.347161588093346,-3.7124484506830018,-4.507209464202762,-3.529809562555198,9.999000099990002e-05,estimable
price_spell_round_trips,all_spreads,queue,0.2,10,100,263877,51,-5.4323497592562475,0.19716574569771506,-5.820744961324269,-5.0522667010541875,-6.028912073105779,-4.835787445406716,9.999000099990002e-05,estimable
price_spell_round_trips,all_spreads,queue,0.2,10,500,5861,51,-5.1605528120911375,0.24647814673431157,-5.664135970267072,-4.716741442770824,-5.906319136808613,-4.414786487373662,9.999000099990002e-05,estimable
price_spell_round_trips,all_spreads,queue,0.2,100,1,513320,51,-4.069786884697389,0.1626725892051674,-4.399374605921966,-3.761574332246895,-4.561983619341715,-3.5775901500530622,9.999000099990002e-05,estimable
price_spell_round_trips,all_spreads,queue,0.2,100,100,252074,51,-5.465191800021813,0.19776863740037115,-5.8548948435230335,-5.08665813963427,-6.0635782769269735,-4.866805323116653,9.999000099990002e-05,estimable
price_spell_round_trips,all_spreads,queue,0.2,100,500,5569,51,-5.191633862795827,0.2434787127477093,-5.690468561234492,-4.754315865694934,-5.928324831786807,-4.454942893804847,9.999000099990002e-05,estimable
price_spell_round_trips,all_spreads,queue,0.2,1000,1,402311,51,-4.117242386886152,0.1601029078161925,-4.440457706230079,-3.811948047339551,-4.601664063698611,-3.632820710073692,9.999000099990002e-05,estimable
price_spell_round_trips,all_spreads,queue,0.2,1000,100,204051,51,-5.4521580180815645,0.19317841783578923,-5.832983542150977,-5.082735133484983,-6.036655916142392,-4.867660120020737,9.999000099990002e-05,estimable
price_spell_round_trips,all_spreads,queue,0.2,1000,500,4588,51,-5.215845114146011,0.2466076181406647,-5.723437031098178,-4.773117548154347,-5.962003179129921,-4.469687049162101,9.999000099990002e-05,estimable
price_spell_round_trips,all_spreads,queue,0.2,10000,1,308832,51,-3.9639330447268004,0.152178314966469,-4.272230851629281,-3.6758012748497486,-4.4243773646712246,-3.5034887247823767,9.999000099990002e-05,estimable
price_spell_round_trips,all_spreads,queue,0.2,10000,100,159552,51,-5.237967422664811,0.18428990902083314,-5.600408184372409,-4.881504514866317,-5.795571453504647,-4.680363391824975,9.999000099990002e-05,estimable
price_spell_round_trips,all_spreads,queue,0.2,10000,500,3722,51,-5.0421485447756265,0.23175648318928357,-5.524829669435043,-4.626742137925799,-5.7433716876282315,-4.3409254019230215,9.999000099990002e-05,estimable
price_spell_round_trips,all_spreads,queue,1.0,0,1,2198301,51,-4.3199720217100985,0.17720863660928662,-4.671264285151547,-3.984701882043652,-4.856150321422644,-3.7837937219975535,9.999000099990002e-05,estimable
price_spell_round_trips,all_spreads,queue,1.0,0,100,1336595,51,-5.386655538627127,0.19430579556177388,-5.765536699828354,-5.009544070072126,-5.974564531563567,-4.798746545690687,9.999000099990002e-05,estimable
price_spell_round_trips,all_spreads,queue,1.0,0,500,22971,51,-5.420893536699857,0.21829001711873383,-5.84113388066917,-5.0051551181676555,-6.081371335425901,-4.760415737973814,9.999000099990002e-05,estimable
price_spell_round_trips,all_spreads,queue,1.0,10,1,2175478,51,-4.33233899868796,0.17734477569475743,-4.683976782524324,-3.996778670939447,-4.868929212993207,-3.795748784382713,9.999000099990002e-05,estimable
price_spell_round_trips,all_spreads,queue,1.0,10,100,1326124,51,-5.394149804560589,0.19420521980924693,-5.7726397029761936,-5.017012110004246,-5.981754486505116,-4.806545122616063,9.999000099990002e-05,estimable
price_spell_round_trips,all_spreads,queue,1.0,10,500,22801,51,-5.424865860918354,0.21835618568117413,-5.845854946487606,-5.010206221802632,-6.085543865164752,-4.764187856671956,9.999000099990002e-05,estimable
price_spell_round_trips,all_spreads,queue,1.0,100,1,2044491,51,-4.3863740769686785,0.17873454141330808,-4.739832388689222,-4.048475348905603,-4.927169290726713,-3.845578863210644,9.999000099990002e-05,estimable
price_spell_round_trips,all_spreads,queue,1.0,100,100,1262321,51,-5.424620960389809,0.19499306156927487,-5.804825650620893,-5.046954462242083,-6.014609406824695,-4.834632513954922,9.999000099990002e-05,estimable
price_spell_round_trips,all_spreads,queue,1.0,100,500,21877,51,-5.45739373197604,0.21817309930721102,-5.8787711291805556,-5.043723227695617,-6.1175177737149085,-4.797269690237172,9.999000099990002e-05,estimable
price_spell_round_trips,all_spreads,queue,1.0,1000,1,1564677,51,-4.455876229184039,0.1768285632987436,-4.806380562796653,-4.123025524536846,-4.990904545096063,-3.9208479132720147,9.999000099990002e-05,estimable
price_spell_round_trips,all_spreads,queue,1.0,1000,100,995240,51,-5.435264568808932,0.1912564205901556,-5.808599834912926,-5.065400993261777,-6.013947100108103,-4.85658203750976,9.999000099990002e-05,estimable
price_spell_round_trips,all_spreads,queue,1.0,1000,500,18126,51,-5.50050908734832,0.2209808698810673,-5.925998866227572,-5.0801786191223295,-6.169128570850517,-4.831889603846123,9.999000099990002e-05,estimable
price_spell_round_trips,all_spreads,queue,1.0,10000,1,1176470,51,-4.286368956106808,0.1682129402657854,-4.6207694524691405,-3.968965442666052,-4.795329072425599,-3.777408839788018,9.999000099990002e-05,estimable
price_spell_round_trips,all_spreads,queue,1.0,10000,100,753822,51,-5.228914428746193,0.18292054544318573,-5.585662021659793,-4.875291305330979,-5.782375190675439,-4.675453666816947,9.999000099990002e-05,estimable
price_spell_round_trips,all_spreads,queue,1.0,10000,500,14547,51,-5.320448571738179,0.21025577863621528,-5.725087042214579,-4.915048853314994,-5.956617259963363,-4.684279883512995,9.999000099990002e-05,estimable
price_spell_round_trips,all_spreads,queue_and_ofi,0.05,0,1,84864,51,-3.480259032061635,0.14995422948266793,-3.779469707863496,-3.2006895563766418,-3.933973960053515,-3.026544104069755,9.999000099990002e-05,estimable
price_spell_round_trips,all_spreads,queue_and_ofi,0.05,0,100,39934,51,-4.735699650117921,0.2007403444938046,-5.124050415534734,-4.345492570309959,-5.343077589781829,-4.128321710454013,9.999000099990002e-05,estimable
price_spell_round_trips,all_spreads,queue_and_ofi,0.05,0,500,479,51,-4.559985699526839,0.21439843976323775,-4.983159883975492,-4.133269140204591,-5.208688793759951,-3.9112826052937275,9.999000099990002e-05,estimable
price_spell_round_trips,all_spreads,queue_and_ofi,0.05,10,1,82367,51,-3.5155160156525724,0.15166246582414902,-3.818697963153074,-3.232526374992494,-3.9743995362966373,-3.0566324950085075,9.999000099990002e-05,estimable
price_spell_round_trips,all_spreads,queue_and_ofi,0.05,10,100,39027,51,-4.760124390085337,0.20093531558238154,-5.14997602778983,-4.369142371682754,-5.368092251712229,-4.152156528458445,9.999000099990002e-05,estimable
price_spell_round_trips,all_spreads,queue_and_ofi,0.05,10,500,471,51,-4.573408035624811,0.21177284590582215,-4.9904921017575,-4.150383975673565,-5.214166898260968,-3.9326491729886546,9.999000099990002e-05,estimable
price_spell_round_trips,all_spreads,queue_and_ofi,0.05,100,1,72640,51,-3.6388474068725816,0.15577657223791028,-3.951747890886291,-3.347802914967218,-4.110178935830319,-3.167515877914844,9.999000099990002e-05,estimable
price_spell_round_trips,all_spreads,queue_and_ofi,0.05,100,100,35779,51,-4.814472268521649,0.1955409770747662,-5.195321751898307,-4.43422406658987,-5.406118537113184,-4.222825999930113,9.999000099990002e-05,estimable
price_spell_round_trips,all_spreads,queue_and_ofi,0.05,100,500,428,51,-4.407499242550483,0.2038046984176948,-4.800262645918265,-3.998374273322131,-5.0241489655093075,-3.7908495195916587,9.999000099990002e-05,estimable
price_spell_round_trips,all_spreads,queue_and_ofi,0.05,1000,1,51567,51,-3.8164735975605506,0.16278792277122406,-4.143526348432645,-3.508743858962125,-4.309019295757282,-3.323927899363819,9.999000099990002e-05,estimable
price_spell_round_trips,all_spreads,queue_and_ofi,0.05,1000,100,26063,51,-4.954338418897276,0.1938360353352715,-5.335802926627794,-4.576612518455986,-5.540826063279052,-4.3678507745154995,9.999000099990002e-05,estimable
price_spell_round_trips,all_spreads,queue_and_ofi,0.05,1000,500,318,51,-4.488795249024956,0.2163709853533256,-4.891589440755461,-4.038580295560776,-5.143466653611533,-3.8341238444383783,9.999000099990002e-05,estimable
price_spell_round_trips,all_spreads,queue_and_ofi,0.05,10000,1,35968,51,-3.592562809734156,0.13948667288351202,-3.873993020780557,-3.332411433430847,-4.014606162305845,-3.1705194571624675,9.999000099990002e-05,estimable
price_spell_round_trips,all_spreads,queue_and_ofi,0.05,10000,100,18355,51,-4.673055664542574,0.1729191197035572,-5.009927583008983,-4.33920132671249,-5.196255218268978,-4.149856110816169,9.999000099990002e-05,estimable
price_spell_round_trips,all_spreads,queue_and_ofi,0.05,10000,500,255,50,-4.435884915190023,0.22999939207254996,-4.855820930539442,-3.958259755200838,-5.131791646013075,-3.7399781843669713,9.999000099990002e-05,estimable
price_spell_round_trips,all_spreads,queue_and_ofi,0.1,0,1,248800,51,-3.940538488350383,0.16689464005597265,-4.273983849774398,-3.623878503065864,-4.445509837651194,-3.4355671390495717,9.999000099990002e-05,estimable
price_spell_round_trips,all_spreads,queue_and_ofi,0.1,0,100,131090,51,-5.174124330788329,0.2032849374301959,-5.573437187169232,-4.778923953070925,-5.789201418418163,-4.559047243158496,9.999000099990002e-05,estimable
price_spell_round_trips,all_spreads,queue_and_ofi,0.1,0,500,2266,51,-5.140287182121871,0.30259629755537704,-5.7531471976469595,-4.591716398367113,-6.055849602932522,-4.22472476131122,9.999000099990002e-05,estimable
price_spell_round_trips,all_spreads,queue_and_ofi,0.1,10,1,244528,51,-3.965814935521995,0.1676699706413889,-4.300036182756937,-3.6474771890001567,-4.4731321943843145,-3.4584976766596753,9.999000099990002e-05,estimable
price_spell_round_trips,all_spreads,queue_and_ofi,0.1,10,100,129280,51,-5.19586466449327,0.20359680703201113,-5.595702992547627,-4.799139000497566,-5.811885372682648,-4.5798439563038915,9.999000099990002e-05,estimable
price_spell_round_trips,all_spreads,queue_and_ofi,0.1,10,500,2242,51,-5.16683184414755,0.3064551087111854,-5.785934358249008,-4.612589744430605,-6.094069829106888,-4.239593859188212,9.999000099990002e-05,estimable
price_spell_round_trips,all_spreads,queue_and_ofi,0.1,100,1,224971,51,-4.05877425046538,0.16988659030562395,-4.396855258229828,-3.735870195295047,-4.572798312028853,-3.544750188901906,9.999000099990002e-05,estimable
price_spell_round_trips,all_spreads,queue_and_ofi,0.1,100,100,121203,51,-5.258889383743733,0.20344485902818424,-5.656700109009217,-4.865009635675624,-5.874450344463148,-4.643328423024317,9.999000099990002e-05,estimable
price_spell_round_trips,all_spreads,queue_and_ofi,0.1,100,500,2113,51,-5.159522078601328,0.310999702972375,-5.792453723761388,-4.602033688390286,-6.100510594406522,-4.218533562796134,9.999000099990002e-05,estimable
price_spell_round_trips,all_spreads,queue_and_ofi,0.1,1000,1,170956,51,-4.171424854901005,0.16897543474745758,-4.506806572989009,-3.85189220782203,-4.682692042717809,-3.660157667084201,9.999000099990002e-05,estimable
price_spell_round_trips,all_spreads,queue_and_ofi,0.1,1000,100,94560,51,-5.331924180682965,0.20094223104812006,-5.724163845554221,-4.942896710186127,-5.939912966361486,-4.723935395004445,9.999000099990002e-05,estimable
price_spell_round_trips,all_spreads,queue_and_ofi,0.1,1000,500,1706,51,-5.101627582272611,0.2972981384574638,-5.707156859642629,-4.573517337549323,-6.0011594190717785,-4.202095745473444,9.999000099990002e-05,estimable
price_spell_round_trips,all_spreads,queue_and_ofi,0.1,10000,1,125973,51,-3.9733767681044174,0.15343010214468836,-4.278849991177596,-3.682890537890494,-4.437608607289788,-3.509144928919047,9.999000099990002e-05,estimable
price_spell_round_trips,all_spreads,queue_and_ofi,0.1,10000,100,69957,51,-5.097223117237713,0.18501313172304593,-5.4586852518577995,-4.738641711886645,-5.6570153953673294,-4.537430839108097,9.999000099990002e-05,estimable
price_spell_round_trips,all_spreads,queue_and_ofi,0.1,10000,500,1362,51,-4.907961371782188,0.2759643824246048,-5.47634053217539,-4.4067490568816385,-5.742943888327846,-4.0729788552365305,9.999000099990002e-05,estimable
price_spell_round_trips,all_spreads,queue_and_ofi,0.2,0,1,474452,51,-3.9773662686828803,0.16404686098127516,-4.3059713242279125,-3.662889282794631,-4.473721122922027,-3.4810114144437336,9.999000099990002e-05,estimable
price_spell_round_trips,all_spreads,queue_and_ofi,0.2,0,100,244395,51,-5.260729038176259,0.19971396696267804,-5.6504990673031195,-4.870495480057514,-5.865001478187145,-4.656456598165373,9.999000099990002e-05,estimable
price_spell_round_trips,all_spreads,queue_and_ofi,0.2,0,500,4828,51,-5.075674229167482,0.24165494594739606,-5.57538843571364,-4.651769118084402,-5.806847046217481,-4.3445014121174825,9.999000099990002e-05,estimable
price_spell_round_trips,all_spreads,queue_and_ofi,0.2,10,1,468082,51,-3.9956921941226065,0.16457672171559767,-4.325213782575448,-3.6794779620414406,-4.493650242388012,-3.497734145857201,9.999000099990002e-05,estimable
price_spell_round_trips,all_spreads,queue_and_ofi,0.2,10,100,241706,51,-5.277186982719152,0.19990982044582004,-5.666832719477879,-4.886199368792957,-5.882052014544936,-4.672321950893368,9.999000099990002e-05,estimable
price_spell_round_trips,all_spreads,queue_and_ofi,0.2,10,500,4777,51,-5.09423277882826,0.2449202585459146,-5.601407427040605,-4.666348282699018,-5.835285417712022,-4.353180139944499,9.999000099990002e-05,estimable
price_spell_round_trips,all_spreads,queue_and_ofi,0.2,100,1,436837,51,-4.0678732123797285,0.1662719561653344,-4.399705473098804,-3.750006969571951,-4.570960513610824,-3.5647859111486335,9.999000099990002e-05,estimable
price_spell_round_trips,all_spreads,queue_and_ofi,0.2,100,100,228720,51,-5.3309525137608595,0.20009368911097328,-5.719722582735723,-4.941016535200184,-5.936373875064364,-4.725531152457355,9.999000099990002e-05,estimable
price_spell_round_trips,all_spreads,queue_and_ofi,0.2,100,500,4521,51,-5.119430058264395,0.24612323122857166,-5.630387609877484,-4.690799539906905,-5.864122518885568,-4.374737597643221,9.999000099990002e-05,estimable
price_spell_round_trips,all_spreads,queue_and_ofi,0.2,1000,1,338290,51,-4.143116132599086,0.16391947224815162,-4.472375318840738,-3.832419009715837,-4.6390855480941875,-3.6471467171039853,9.999000099990002e-05,estimable
price_spell_round_trips,all_spreads,queue_and_ofi,0.2,1000,100,182078,51,-5.360151642692348,0.1950124798849169,-5.742104541952268,-4.981027895026274,-5.950198842919733,-4.770104442464963,9.999000099990002e-05,estimable
price_spell_round_trips,all_spreads,queue_and_ofi,0.2,1000,500,3732,51,-5.121450064089244,0.25023870750752075,-5.637714686155917,-4.686125239270392,-5.878594677810718,-4.3643054503677705,9.999000099990002e-05,estimable
price_spell_round_trips,all_spreads,queue_and_ofi,0.2,10000,1,255243,51,-3.966343394208419,0.15292306430498612,-4.272790462191874,-3.6751226072420686,-4.429041094358676,-3.5036456940581617,9.999000099990002e-05,estimable
price_spell_round_trips,all_spreads,queue_and_ofi,0.2,10000,100,138325,51,-5.144025787971204,0.18376367707917388,-5.501707026503319,-4.787018722801341,-5.7000376043844065,-4.588013971558001,9.999000099990002e-05,estimable
price_spell_round_trips,all_spreads,queue_and_ofi,0.2,10000,500,3013,51,-4.942910938831121,0.23598482249207836,-5.441581863061565,-4.531956362417125,-5.656927723242962,-4.2288941544192795,9.999000099990002e-05,estimable
price_spell_round_trips,all_spreads,queue_and_ofi,1.0,0,1,2198301,51,-4.315076279393801,0.17715250513222075,-4.665933984037552,-3.980103680896928,-4.851084742689174,-3.7790678160984275,9.999000099990002e-05,estimable
price_spell_round_trips,all_spreads,queue_and_ofi,1.0,0,100,1337077,51,-5.380654601276705,0.19440932106885772,-5.759490368333449,-5.00340644335702,-5.968876830246259,-4.79243237230715,9.999000099990002e-05,estimable
price_spell_round_trips,all_spreads,queue_and_ofi,1.0,0,500,22957,51,-5.415224039065322,0.21649928337455038,-5.833275382689486,-5.001531082895325,-6.070283633619347,-4.760164444511297,9.999000099990002e-05,estimable
price_spell_round_trips,all_spreads,queue_and_ofi,1.0,10,1,2175478,51,-4.327867635649385,0.17730208386612809,-4.6790349766177,-3.992291599837843,-4.864328677739755,-3.791406593559015,9.999000099990002e-05,estimable
price_spell_round_trips,all_spreads,queue_and_ofi,1.0,10,100,1326613,51,-5.388695030423824,0.1943269646019879,-5.767201103931401,-5.011558723845935,-5.976668074301604,-4.800721986546043,9.999000099990002e-05,estimable
price_spell_round_trips,all_spreads,queue_and_ofi,1.0,10,500,22798,51,-5.422606746948983,0.2173615126548407,-5.842488675721873,-5.007700072529454,-6.080275179527577,-4.764938314370388,9.999000099990002e-05,estimable
price_spell_round_trips,all_spreads,queue_and_ofi,1.0,100,1,2044491,51,-4.383805119909413,0.17875612957068054,-4.737316578031732,-4.045804764494418,-4.924665652727146,-3.8429445870916794,9.999000099990002e-05,estimable
price_spell_round_trips,all_spreads,queue_and_ofi,1.0,100,100,1263048,51,-5.420505276014762,0.1951171994848485,-5.80034403933692,-5.042482723183327,-6.0108693252293754,-4.830141226800148,9.999000099990002e-05,estimable
price_spell_round_trips,all_spreads,queue_and_ofi,1.0,100,500,21874,51,-5.4613534496781355,0.21808986099801644,-5.880569026910078,-5.0459252045394205,-6.121225638144224,-4.801481261212047,9.999000099990002e-05,estimable
price_spell_round_trips,all_spreads,queue_and_ofi,1.0,1000,1,1564677,51,-4.456013558478193,0.17693030973396412,-4.806482867682811,-4.122667048046746,-4.991349727504389,-3.920677389451997,9.999000099990002e-05,estimable
price_spell_round_trips,all_spreads,queue_and_ofi,1.0,1000,100,996144,51,-5.432736664567072,0.19140295342647767,-5.806169888844089,-5.062396236076282,-6.011862558721093,-4.8536107704130504,9.999000099990002e-05,estimable
price_spell_round_trips,all_spreads,queue_and_ofi,1.0,1000,500,18137,51,-5.499934416050326,0.2214894302026271,-5.924845150298649,-5.077090736369445,-6.170092645144909,-4.829776186955743,9.999000099990002e-05,estimable
price_spell_round_trips,all_spreads,queue_and_ofi,1.0,10000,1,1176470,51,-4.287873257253695,0.16835764209962126,-4.622418377601565,-3.970071501560976,-4.797271196382456,-3.778475318124934,9.999000099990002e-05,estimable
price_spell_round_trips,all_spreads,queue_and_ofi,1.0,10000,100,754540,51,-5.227960731009106,0.18307668882892789,-5.585382465681539,-4.873884030949864,-5.7818939343310545,-4.674027527687158,9.999000099990002e-05,estimable
price_spell_round_trips,all_spreads,queue_and_ofi,1.0,10000,500,14581,51,-5.323293911133896,0.20957604435248398,-5.724962591683879,-4.918477732606296,-5.957405934517676,-4.689181887750116,9.999000099990002e-05,estimable
price_spell_round_trips,one_tick,ofi,0.05,0,1,565,51,-0.6145385556843593,0.0313017253237818,-0.6815542143844019,-0.561155284510917,-0.7092478553173035,-0.5198292560514152,9.999000099990002e-05,estimable
price_spell_round_trips,one_tick,ofi,0.05,0,100,300,49,-1.3151278347007966,0.09239081709360276,-1.4938401283669316,-1.1388777315506804,-1.5946737539413074,-1.0355819154602859,9.999000099990002e-05,estimable
price_spell_round_trips,one_tick,ofi,0.05,0,500,6,6,-1.068722260548,0.40636606610121184,-2.0367760752033996,-0.3634791647563333,-2.2982597737981028,0.16081525270210295,0.20727927207279273,estimable
price_spell_round_trips,one_tick,ofi,0.05,10,1,488,50,-0.6351635182009938,0.03280578917440512,-0.7057007970288282,-0.5778808022540661,-0.7344236479374637,-0.5359033884645239,9.999000099990002e-05,estimable
price_spell_round_trips,one_tick,ofi,0.05,10,100,262,48,-1.3520515506580268,0.09879799125555776,-1.5539004621238457,-1.164024983186488,-1.6509835890733813,-1.0531195122426724,9.999000099990002e-05,estimable
price_spell_round_trips,one_tick,ofi,0.05,10,500,6,6,-1.068722260548,0.40636606610121184,-2.0367760752033996,-0.3634791647563333,-2.2982597737981028,0.16081525270210295,0.20727927207279273,estimable
price_spell_round_trips,one_tick,ofi,0.05,100,1,266,45,-0.7314181005681052,0.05058302011578124,-0.8405370124700731,-0.6435485728238374,-0.8844666101608015,-0.5783695909754089,9.999000099990002e-05,estimable
price_spell_round_trips,one_tick,ofi,0.05,100,100,135,42,-1.2152144880711186,0.11651379202136843,-1.4632431467512854,-1.0115752289922435,-1.5677490377094547,-0.8626799384327826,9.999000099990002e-05,estimable
price_spell_round_trips,one_tick,ofi,0.05,100,500,4,4,-1.2070242298965,0.5695557969382932,-3.12683270851,-0.330368157912,-2.930323187763398,0.5162747279703985,0.6887311268873113,estimable
price_spell_round_trips,one_tick,ofi,0.05,1000,1,68,30,-0.7550621292287206,0.10075239379461264,-0.9684063660479816,-0.5683261206944269,-1.0599075827596982,-0.4502166756977431,9.999000099990002e-05,estimable
price_spell_round_trips,one_tick,ofi,0.05,1000,100,36,24,-1.0754783781698334,0.13833520581126554,-1.385287141151046,-0.8176124353254606,-1.4940377489854109,-0.6569190073542559,9.999000099990002e-05,estimable
price_spell_round_trips,one_tick,ofi,0.05,1000,500,1,1,-3.12683270851,,-3.12683270851,-3.12683270851,,,,one_filled_date
price_spell_round_trips,one_tick,ofi,0.05,10000,1,31,24,-1.084401386269484,0.21702470560035944,-1.5722677242555354,-0.7024209542262518,-1.7410507453014483,-0.4277520272375195,9.999000099990002e-05,estimable
price_spell_round_trips,one_tick,ofi,0.05,10000,100,16,15,-1.4162777132848126,0.3432662692215735,-2.1911241118986267,-0.8174460903312181,-2.4548948377181636,-0.37766058885146125,9.999000099990002e-05,estimable
price_spell_round_trips,one_tick,ofi,0.05,10000,500,0,0,,,,,,,,zero_fills
price_spell_round_trips,one_tick,ofi,0.1,0,1,916,51,-0.656916845272071,0.0364311846534597,-0.7348107737906787,-0.5914925997667041,-0.7671462958099355,-0.5466873947342064,9.999000099990002e-05,estimable
price_spell_round_trips,one_tick,ofi,0.1,0,100,536,51,-1.2041615737150353,0.07790049971163303,-1.357835673383497,-1.057242402128617,-1.439864292732242,-0.9684588546978284,9.999000099990002e-05,estimable
price_spell_round_trips,one_tick,ofi,0.1,0,500,15,12,-1.7805489209436665,0.6062868494878191,-3.035400202809518,-0.7661389447639974,-3.614984636473678,0.053886794586345044,0.0700929907009299,estimable
price_spell_round_trips,one_tick,ofi,0.1,10,1,808,51,-0.6749945037790136,0.03940358715741165,-0.7580693098658452,-0.6037487513286913,-0.7942175211718853,-0.5557714863861419,9.999000099990002e-05,estimable
price_spell_round_trips,one_tick,ofi,0.1,10,100,479,51,-1.2319769754887286,0.08228311358229934,-1.399550487219441,-1.078528686704512,-1.480940122995386,-0.9830138279820713,9.999000099990002e-05,estimable
price_spell_round_trips,one_tick,ofi,0.1,10,500,14,12,-1.8820958318980714,0.6376655920821193,-3.155415843681017,-0.7910204268377997,-3.811473877402805,0.04728221360666196,0.0664933506649335,estimable
price_spell_round_trips,one_tick,ofi,0.1,100,1,506,51,-0.7495114799723676,0.05212671880391828,-0.8606493512273736,-0.6568083981566277,-0.9072307423777427,-0.5917922175669924,9.999000099990002e-05,estimable
price_spell_round_trips,one_tick,ofi,0.1,100,100,297,50,-1.13792032592898,0.09160267660880152,-1.3379089653682077,-0.9805505610402128,-1.41508157683074,-0.86075907502722,9.999000099990002e-05,estimable
price_spell_round_trips,one_tick,ofi,0.1,100,500,11,11,-2.229733570337091,0.799793202671752,-4.005527065750065,-0.93786990671575,-4.649659414446417,0.1901922737722357,0.12258774122587741,estimable
price_spell_round_trips,one_tick,ofi,0.1,1000,1,149,41,-0.7174319149647852,0.08733247374478725,-0.9153922128681024,-0.5684431969228839,-0.9816728581723839,-0.4531909717571865,9.999000099990002e-05,estimable
price_spell_round_trips,one_tick,ofi,0.1,1000,100,85,36,-1.0296105369066706,0.13196333543033129,-1.3314973875607836,-0.8119318116887465,-1.4288906068246812,-0.6303304669886601,9.999000099990002e-05,estimable
price_spell_round_trips,one_tick,ofi,0.1,1000,500,5,5,-3.9354587271442,1.3961758701852611,-7.294622502316667,-1.5521395009905,-8.159853308014114,0.2889358537257132,0.11018898110188981,estimable
price_spell_round_trips,one_tick,ofi,0.1,10000,1,83,36,-0.8562853736062529,0.15242045628507125,-1.214637732687987,-0.6086477335544963,-1.3174623379803303,-0.39510840923217555,9.999000099990002e-05,estimable
price_spell_round_trips,one_tick,ofi,0.1,10000,100,47,26,-1.230504435486851,0.22704885472802522,-1.7510639774532266,-0.8619826003347164,-1.9174837566367857,-0.5435251143369164,9.999000099990002e-05,estimable
price_spell_round_trips,one_tick,ofi,0.1,10000,500,3,3,-4.305042835028,2.302687011080756,-9.83181635359,-0.846042302114,-11.27225859829594,2.66217292823994,0.9009099090090991,estimable
price_spell_round_trips,one_tick,ofi,0.2,0,1,1631,51,-0.7088242125762282,0.031588966448214566,-0.7708864552361407,-0.6485475588238704,-0.8044026146448817,-0.6132458105075747,9.999000099990002e-05,estimable
price_spell_round_trips,one_tick,ofi,0.2,0,100,1034,51,-1.1281445464916278,0.05781088787985444,-1.2408178026754677,-1.0183842277753774,-1.3030623392210852,-0.9532267537621704,9.999000099990002e-05,estimable
price_spell_round_trips,one_tick,ofi,0.2,0,500,35,19,-1.7310494042422855,0.30154275505819533,-2.3227262929482344,-1.1719231655356204,-2.643424132649099,-0.818674675835472,9.999000099990002e-05,estimable
price_spell_round_trips,one_tick,ofi,0.2,10,1,1476,51,-0.7295594577116084,0.03450622730932297,-0.7972428754455891,-0.6637444084716713,-0.8339645851490473,-0.6251543302741694,9.999000099990002e-05,estimable
price_spell_round_trips,one_tick,ofi,0.2,10,100,944,51,-1.144529274377773,0.0596565357979999,-1.263936725443216,-1.0325601249669416,-1.3250314245152788,-0.9640271242402673,9.999000099990002e-05,estimable
price_spell_round_trips,one_tick,ofi,0.2,10,500,32,19,-1.7697497059308125,0.3260254313371905,-2.438066191109487,-1.1916056157826571,-2.7562014093138916,-0.7832980025477334,9.999000099990002e-05,estimable
price_spell_round_trips,one_tick,ofi,0.2,100,1,1007,51,-0.761059888376006,0.03566437423828102,-0.8330696740795139,-0.6944059829013127,-0.8689692087414407,-0.6531505680105714,9.999000099990002e-05,estimable
price_spell_round_trips,one_tick,ofi,0.2,100,100,652,51,-1.0602497819501533,0.05401101337477311,-1.1729670035745674,-0.9612043579185476,-1.2236703345324067,-0.8968292293678999,9.999000099990002e-05,estimable
price_spell_round_trips,one_tick,ofi,0.2,100,500,29,18,-1.8903988991786553,0.38132958021616736,-2.7283433121230125,-1.2431673582013822,-3.0441837815780515,-0.736614016779259,9.999000099990002e-05,estimable
price_spell_round_trips,one_tick,ofi,0.2,1000,1,310,48,-0.6881122405615936,0.04896068163781494,-0.7935761640376441,-0.6012130144634088,-0.836252057760295,-0.5399724233628922,9.999000099990002e-05,estimable
price_spell_round_trips,one_tick,ofi,0.2,1000,100,194,43,-0.9450781297444175,0.07070780124192846,-1.0961494263325358,-0.8208435121122452,-1.1590179769872972,-0.7311382825015377,9.999000099990002e-05,estimable
price_spell_round_trips,one_tick,ofi,0.2,1000,500,14,9,-2.1822318682029285,0.6892913470202234,-3.773387873833885,-1.0060971579534952,-4.26781341503655,-0.09665032136930662,0.027997200279972004,estimable
price_spell_round_trips,one_tick,ofi,0.2,10000,1,168,44,-0.7554851151353512,0.08526104076856171,-0.9412241951866656,-0.608249495452396,-1.013458545469918,-0.4975116848007842,9.999000099990002e-05,estimable
price_spell_round_trips,one_tick,ofi,0.2,10000,100,102,36,-1.090196087642304,0.12346753313427368,-1.344897867179505,-0.8686379748719905,-1.4637704983049045,-0.7166216769797036,9.999000099990002e-05,estimable
price_spell_round_trips,one_tick,ofi,0.2,10000,500,11,6,-2.0180012787012727,0.8591732264600936,-4.1951243586805,-0.522221550497,-4.617592633481624,0.5815900760790784,0.44255574442555745,estimable
price_spell_round_trips,one_tick,ofi,1.0,0,1,8723,51,-0.8573077314737634,0.03331416584837644,-0.9251144619928776,-0.7965293788363826,-0.9581060511420506,-0.7565094118054762,9.999000099990002e-05,estimable
price_spell_round_trips,one_tick,ofi,1.0,0,100,5645,51,-1.185386449875406,0.04965521521516599,-1.2846181543385948,-1.0922874723404836,-1.335627709981873,-1.0351451897689392,9.999000099990002e-05,estimable
price_spell_round_trips,one_tick,ofi,1.0,0,500,329,47,-1.526206711621401,0.16749462874522833,-1.91625237327944,-1.2606850280981792,-2.0329934403608636,-1.0194199828819388,9.999000099990002e-05,estimable
price_spell_round_trips,one_tick,ofi,1.0,10,1,8404,51,-0.8651821103914189,0.034682572349954574,-0.9360959938385393,-0.8019610027664683,-0.9701208031553439,-0.7602434176274939,9.999000099990002e-05,estimable
price_spell_round_trips,one_tick,ofi,1.0,10,100,5446,51,-1.1928278918090267,0.05018574243664018,-1.2927802209920778,-1.098689127017835,-1.3446743625248863,-1.0409814210931672,9.999000099990002e-05,estimable
price_spell_round_trips,one_tick,ofi,1.0,10,500,319,47,-1.5157218227965048,0.16617102339939943,-1.9040368472027436,-1.2507061714609544,-2.018503732823989,-1.0129399127690206,9.999000099990002e-05,estimable
price_spell_round_trips,one_tick,ofi,1.0,100,1,6933,51,-0.8601807154237243,0.032558584144713236,-0.9275580697349864,-0.8015071416746598,-0.9586928795133911,-0.7616685513340575,9.999000099990002e-05,estimable
price_spell_round_trips,one_tick,ofi,1.0,100,100,4513,51,-1.1638201471461591,0.0447283778817355,-1.2538720817573066,-1.0782489260143102,-1.299154327581202,-1.0284859667111161,9.999000099990002e-05,estimable
price_spell_round_trips,one_tick,ofi,1.0,100,500,300,47,-1.5321088976428667,0.16152123511576635,-1.9144402941604324,-1.2766888131110157,-2.020821992382084,-1.0433958029036494,9.999000099990002e-05,estimable
price_spell_round_trips,one_tick,ofi,1.0,1000,1,3063,51,-0.7771203434930968,0.024043399336528354,-0.8267927207957024,-0.7326663522442592,-0.8498682028651716,-0.7043724841210219,9.999000099990002e-05,estimable
price_spell_round_trips,one_tick,ofi,1.0,1000,100,2062,51,-1.0594252161938842,0.03674915845864599,-1.135316751361269,-0.989905047662524,-1.1706167567149466,-0.9482336756728219,9.999000099990002e-05,estimable
price_spell_round_trips,one_tick,ofi,1.0,1000,500,194,44,-1.608060110287067,0.2177947392991661,-2.1480265431352508,-1.2726449728687366,-2.267039352146683,-0.9490808684274512,9.999000099990002e-05,estimable
price_spell_round_trips,one_tick,ofi,1.0,10000,1,1990,51,-0.7903842983609092,0.025149730966110756,-0.8413299556273363,-0.7433206253436704,-0.8664795736570486,-0.7142890230647697,9.999000099990002e-05,estimable
price_spell_round_trips,one_tick,ofi,1.0,10000,100,1374,51,-1.0861438128522578,0.03924489407103987,-1.167222388321613,-1.0133892613642892,-1.2048866742501676,-0.967400951454348,9.999000099990002e-05,estimable
price_spell_round_trips,one_tick,ofi,1.0,10000,500,150,38,-1.65763926466234,0.26416235254724907,-2.334436280421719,-1.258587735107406,-2.456912504087666,-0.8583660252370142,9.999000099990002e-05,estimable
price_spell_round_trips,one_tick,queue,0.05,0,1,1240,51,-0.6860097451667354,0.03616352982693178,-0.7639031696269342,-0.6235154707738374,-0.7954293553235467,-0.5765901350099241,9.999000099990002e-05,estimable
price_spell_round_trips,one_tick,queue,0.05,0,100,555,51,-1.2811892027228091,0.09801964792595533,-1.4922975459267862,-1.110262864934156,-1.5777662159483983,-0.98461218949722,9.999000099990002e-05,estimable
price_spell_round_trips,one_tick,queue,0.05,0,500,47,23,-1.9585765054818938,0.6220763390734079,-3.5230565260884448,-1.093707558143042,-3.8407863128469204,-0.07636669811686692,0.030596940305969402,estimable
price_spell_round_trips,one_tick,queue,0.05,10,1,1199,51,-0.6943735196208174,0.03743650384360319,-0.7749774883943021,-0.6298265875495255,-0.8076447538118569,-0.5811022854297779,9.999000099990002e-05,estimable
price_spell_round_trips,one_tick,queue,0.05,10,100,536,51,-1.2856641758763863,0.09811767418148258,-1.4983086477362613,-1.1160134446579186,-1.5825377861077503,-0.9887905656450222,9.999000099990002e-05,estimable
price_spell_round_trips,one_tick,queue,0.05,10,500,47,23,-1.9585765054818938,0.6220763390734079,-3.5230565260884448,-1.093707558143042,-3.8407863128469204,-0.07636669811686692,0.030596940305969402,estimable
price_spell_round_trips,one_tick,queue,0.05,100,1,1010,51,-0.7062673778938414,0.036719497151466676,-0.7852465665481668,-0.6422261789557675,-0.8173691725111207,-0.5951655832765621,9.999000099990002e-05,estimable
price_spell_round_trips,one_tick,queue,0.05,100,100,455,50,-1.2359449067362793,0.10776101310398663,-1.478021253011504,-1.0548559274752938,-1.5619962656708297,-0.9098935478017289,9.999000099990002e-05,estimable
price_spell_round_trips,one_tick,queue,0.05,100,500,45,21,-1.9151424576523555,0.6436548457400822,-3.559718788226021,-1.0262254304935867,-3.86264212467802,0.032357209373309326,0.061493850614938506,estimable
price_spell_round_trips,one_tick,queue,0.05,1000,1,536,49,-0.6580755218167126,0.03995233419614309,-0.7407107977446815,-0.587997704855222,-0.7789588773275735,-0.5371921663058516,9.999000099990002e-05,estimable
price_spell_round_trips,one_tick,queue,0.05,1000,100,256,49,-1.2181345784957813,0.15533594691878058,-1.5810068771383643,-0.9725813949379384,-1.6881329120803037,-0.748136244911259,9.999000099990002e-05,estimable
price_spell_round_trips,one_tick,queue,0.05,1000,500,31,16,-1.951127971166613,0.8833531866938953,-4.170442534051392,-0.8287396260198606,-4.623880376183255,0.7216244338500295,0.5966403359664033,estimable
price_spell_round_trips,one_tick,queue,0.05,10000,1,374,46,-0.6305421787882968,0.04934023053414173,-0.7325717812957955,-0.5420730007235568,-0.7798303930729651,-0.48125396450362845,9.999000099990002e-05,estimable
price_spell_round_trips,one_tick,queue,0.05,10000,100,192,45,-1.274112279921698,0.1890320731348057,-1.7256986004649528,-0.9843531398215204,-1.8460646266237777,-0.7021599332196182,9.999000099990002e-05,estimable
price_spell_round_trips,one_tick,queue,0.05,10000,500,21,16,-2.601742210248476,1.2437109784602636,-5.486616860130359,-1.0103346875238302,-6.364825378903154,1.161340958406202,0.7167283271672833,estimable
price_spell_round_trips,one_tick,queue,0.1,0,1,1240,51,-0.6860097451667354,0.03616352982693178,-0.7639031696269342,-0.6235154707738374,-0.7954293553235467,-0.5765901350099241,9.999000099990002e-05,estimable
price_spell_round_trips,one_tick,queue,0.1,0,100,555,51,-1.2811892027228091,0.09801964792595533,-1.4922975459267862,-1.110262864934156,-1.5777662159483983,-0.98461218949722,9.999000099990002e-05,estimable
price_spell_round_trips,one_tick,queue,0.1,0,500,47,23,-1.9585765054818938,0.6220763390734079,-3.5230565260884448,-1.093707558143042,-3.8407863128469204,-0.07636669811686692,0.030596940305969402,estimable
price_spell_round_trips,one_tick,queue,0.1,10,1,1199,51,-0.6943735196208174,0.03743650384360319,-0.7749774883943021,-0.6298265875495255,-0.8076447538118569,-0.5811022854297779,9.999000099990002e-05,estimable
price_spell_round_trips,one_tick,queue,0.1,10,100,536,51,-1.2856641758763863,0.09811767418148258,-1.4983086477362613,-1.1160134446579186,-1.5825377861077503,-0.9887905656450222,9.999000099990002e-05,estimable
price_spell_round_trips,one_tick,queue,0.1,10,500,47,23,-1.9585765054818938,0.6220763390734079,-3.5230565260884448,-1.093707558143042,-3.8407863128469204,-0.07636669811686692,0.030596940305969402,estimable
price_spell_round_trips,one_tick,queue,0.1,100,1,1010,51,-0.7062673778938414,0.036719497151466676,-0.7852465665481668,-0.6422261789557675,-0.8173691725111207,-0.5951655832765621,9.999000099990002e-05,estimable
price_spell_round_trips,one_tick,queue,0.1,100,100,455,50,-1.2359449067362793,0.10776101310398663,-1.478021253011504,-1.0548559274752938,-1.5619962656708297,-0.9098935478017289,9.999000099990002e-05,estimable
price_spell_round_trips,one_tick,queue,0.1,100,500,45,21,-1.9151424576523555,0.6436548457400822,-3.559718788226021,-1.0262254304935867,-3.86264212467802,0.032357209373309326,0.061493850614938506,estimable
price_spell_round_trips,one_tick,queue,0.1,1000,1,536,49,-0.6580755218167126,0.03995233419614309,-0.7407107977446815,-0.587997704855222,-0.7789588773275735,-0.5371921663058516,9.999000099990002e-05,estimable
price_spell_round_trips,one_tick,queue,0.1,1000,100,256,49,-1.2181345784957813,0.15533594691878058,-1.5810068771383643,-0.9725813949379384,-1.6881329120803037,-0.748136244911259,9.999000099990002e-05,estimable
price_spell_round_trips,one_tick,queue,0.1,1000,500,31,16,-1.951127971166613,0.8833531866938953,-4.170442534051392,-0.8287396260198606,-4.623880376183255,0.7216244338500295,0.5966403359664033,estimable
price_spell_round_trips,one_tick,queue,0.1,10000,1,374,46,-0.6305421787882968,0.04934023053414173,-0.7325717812957955,-0.5420730007235568,-0.7798303930729651,-0.48125396450362845,9.999000099990002e-05,estimable
price_spell_round_trips,one_tick,queue,0.1,10000,100,192,45,-1.274112279921698,0.1890320731348057,-1.7256986004649528,-0.9843531398215204,-1.8460646266237777,-0.7021599332196182,9.999000099990002e-05,estimable
price_spell_round_trips,one_tick,queue,0.1,10000,500,21,16,-2.601742210248476,1.2437109784602636,-5.486616860130359,-1.0103346875238302,-6.364825378903154,1.161340958406202,0.7167283271672833,estimable
price_spell_round_trips,one_tick,queue,0.2,0,1,2612,51,-0.7555641445922928,0.032711023049138546,-0.8242287808285461,-0.6948603198432292,-0.8545375414646766,-0.656590747719909,9.999000099990002e-05,estimable
price_spell_round_trips,one_tick,queue,0.2,0,100,1296,51,-1.3233435949968935,0.06485033630900403,-1.4611695016710025,-1.2069955383487128,-1.5195605724719423,-1.1271266175218446,9.999000099990002e-05,estimable
price_spell_round_trips,one_tick,queue,0.2,0,500,86,33,-1.6675825997148372,0.36754955979337406,-2.5276314444632786,-1.117657588697096,-2.7796734198965556,-0.5554917795331187,9.999000099990002e-05,estimable
price_spell_round_trips,one_tick,queue,0.2,10,1,2515,51,-0.762913238801301,0.03311205042784622,-0.8323244834378023,-0.7024486045787719,-0.8631000199768876,-0.6627264576257145,9.999000099990002e-05,estimable
price_spell_round_trips,one_tick,queue,0.2,10,100,1256,51,-1.3247640870497244,0.06886180151103909,-1.4699891508110017,-1.2016227497341845,-1.5331185124084532,-1.1164096616909955,9.999000099990002e-05,estimable
price_spell_round_trips,one_tick,queue,0.2,10,500,86,33,-1.6675825997148372,0.36754955979337406,-2.5276314444632786,-1.117657588697096,-2.7796734198965556,-0.5554917795331187,9.999000099990002e-05,estimable
price_spell_round_trips,one_tick,queue,0.2,100,1,2089,51,-0.7571398840340736,0.03397098944724646,-0.8296026385247818,-0.6945144557476555,-0.8599255479266137,-0.6543542201415335,9.999000099990002e-05,estimable
price_spell_round_trips,one_tick,queue,0.2,100,100,1058,51,-1.2711031132715964,0.08120472528333109,-1.4432166647557574,-1.125099024311323,-1.5168033926944282,-1.0254028338487646,9.999000099990002e-05,estimable
price_spell_round_trips,one_tick,queue,0.2,100,500,80,31,-1.6337987066367252,0.3757501745399045,-2.547807757825802,-1.086694768323747,-2.7707020402236844,-0.49689537304976605,9.999000099990002e-05,estimable
price_spell_round_trips,one_tick,queue,0.2,1000,1,1058,51,-0.7140469290403061,0.034332753758457304,-0.786487553274384,-0.6527039263128319,-0.8179271793875086,-0.6101666786931036,9.999000099990002e-05,estimable
price_spell_round_trips,one_tick,queue,0.2,1000,100,563,51,-1.2432777390680625,0.10093130219675996,-1.4627884021094808,-1.070779958874274,-1.5486645138613842,-0.9378909642747407,9.999000099990002e-05,estimable
price_spell_round_trips,one_tick,queue,0.2,1000,500,50,24,-1.6610305808015,0.5606945997553271,-3.0570368562526555,-0.946310063047877,-3.357518307963792,0.035457146360792,0.0644935506449355,estimable
price_spell_round_trips,one_tick,queue,0.2,10000,1,708,51,-0.6973646665284899,0.04220185231168067,-0.7849602630294169,-0.6213844879868928,-0.8250543652370633,-0.5696749678199166,9.999000099990002e-05,estimable
price_spell_round_trips,one_tick,queue,0.2,10000,100,407,51,-1.237887103514248,0.11117395864499113,-1.4846068996966773,-1.0458491448733105,-1.574264975717009,-0.901509231311487,9.999000099990002e-05,estimable
price_spell_round_trips,one_tick,queue,0.2,10000,500,37,22,-2.007828797563919,0.7394106034284517,-3.848857893344072,-1.0830637825493168,-4.245055649039609,0.2293980539117717,0.15758424157584242,estimable
price_spell_round_trips,one_tick,queue,1.0,0,1,8723,51,-0.8339064415553472,0.03330441778357008,-0.900659010772481,-0.7720678544791529,-0.9346752666069308,-0.7331376165037636,9.999000099990002e-05,estimable
price_spell_round_trips,one_tick,queue,1.0,0,100,5444,51,-1.1648818487724732,0.04991679204177101,-1.2595511426727648,-1.0679059963335649,-1.3159145591198362,-1.0138491384251103,9.999000099990002e-05,estimable
price_spell_round_trips,one_tick,queue,1.0,0,500,264,43,-1.3997222084522538,0.20371226628263864,-1.88413150178623,-1.074922447897702,-2.016092260476515,-0.7833521564279926,9.999000099990002e-05,estimable
price_spell_round_trips,one_tick,queue,1.0,10,1,8404,51,-0.8388185148565481,0.034123116280161826,-0.9073505726392932,-0.7757156454512277,-0.9420644673003346,-0.7355725624127617,9.999000099990002e-05,estimable
price_spell_round_trips,one_tick,queue,1.0,10,100,5256,51,-1.1679800542372332,0.05060829119008757,-1.2654786448334334,-1.069694220544576,-1.3211050262524882,-1.0148550822219782,9.999000099990002e-05,estimable
price_spell_round_trips,one_tick,queue,1.0,10,500,256,43,-1.389522944464879,0.20455066380039844,-1.878557802355816,-1.0700070433178697,-2.0084297270015856,-0.7706161619281721,9.999000099990002e-05,estimable
price_spell_round_trips,one_tick,queue,1.0,100,1,6933,51,-0.82177045824021,0.03121983456518232,-0.8852815160786287,-0.7641857049635793,-0.916231981869974,-0.727308934610446,9.999000099990002e-05,estimable
price_spell_round_trips,one_tick,queue,1.0,100,100,4349,51,-1.1259426460382354,0.04860254268751779,-1.2224034990045902,-1.0339680390145791,-1.2729988459984918,-0.9788864460779789,9.999000099990002e-05,estimable
price_spell_round_trips,one_tick,queue,1.0,100,500,238,43,-1.4051177406673696,0.19684472562064975,-1.8854169298229315,-1.0957527068278698,-2.000708747461061,-0.8095267338736782,9.999000099990002e-05,estimable
price_spell_round_trips,one_tick,queue,1.0,1000,1,3063,51,-0.7153437686041441,0.025478607128797813,-0.7701981464065732,-0.6701843719949808,-0.7924341210313961,-0.638253416176892,9.999000099990002e-05,estimable
price_spell_round_trips,one_tick,queue,1.0,1000,100,1932,51,-1.0442317596951138,0.052008205120912844,-1.1520204090343686,-0.9503550096575196,-1.2015924365018276,-0.8868710828884001,9.999000099990002e-05,estimable
price_spell_round_trips,one_tick,queue,1.0,1000,500,151,37,-1.4683498365538674,0.2741648224754652,-2.172728599750296,-1.054318147887266,-2.297887443572413,-0.6388122295353218,9.999000099990002e-05,estimable
price_spell_round_trips,one_tick,queue,1.0,10000,1,1990,51,-0.695713738382125,0.02983249765088328,-0.7614505680302361,-0.6447884306275946,-0.7859776113664672,-0.6054498653977829,9.999000099990002e-05,estimable
price_spell_round_trips,one_tick,queue,1.0,10000,100,1300,51,-1.023858309865154,0.05399980599994705,-1.13941369213774,-0.9314422492355826,-1.1872449524117936,-0.8604716673185142,9.999000099990002e-05,estimable
price_spell_round_trips,one_tick,queue,1.0,10000,500,119,30,-1.5662413707663865,0.3216360698684472,-2.412339130231903,-1.0864235729706515,-2.539412229523797,-0.593070512008976,9.999000099990002e-05,estimable
price_spell_round_trips,one_tick,queue_and_ofi,0.05,0,1,366,50,-0.6197811691200545,0.05010514776302711,-0.7211740154853546,-0.529816502658249,-0.7713837853833853,-0.46817855285672383,9.999000099990002e-05,estimable
price_spell_round_trips,one_tick,queue_and_ofi,0.05,0,100,175,45,-1.6078182379454575,0.16314318240651524,-1.912565552222863,-1.2999468862827357,-2.1014388414676386,-1.1141976344232765,9.999000099990002e-05,estimable
price_spell_round_trips,one_tick,queue_and_ofi,0.05,0,500,2,2,-2.0594977662175,1.1329759608369645,-3.64598143986,-0.473014092575,-5.487531161881669,1.3685356294466686,0.9283071692830717,estimable
price_spell_round_trips,one_tick,queue_and_ofi,0.05,10,1,303,48,-0.6632600560816336,0.05817196510112524,-0.7815942961913609,-0.5591079100274131,-0.8392703563449804,-0.4872497558182869,9.999000099990002e-05,estimable
price_spell_round_trips,one_tick,queue_and_ofi,0.05,10,100,144,41,-1.6923062629753263,0.1751213347587493,-2.043285426980114,-1.3724711404937744,-2.222169035529477,-1.1624434904211753,9.999000099990002e-05,estimable
price_spell_round_trips,one_tick,queue_and_ofi,0.05,10,500,2,2,-2.0594977662175,1.1329759608369645,-3.64598143986,-0.473014092575,-5.487531161881669,1.3685356294466686,0.9283071692830717,estimable
price_spell_round_trips,one_tick,queue_and_ofi,0.05,100,1,164,44,-0.7012692085037073,0.06433287309313887,-0.8369301334637359,-0.5829049030488516,-0.8959205029931232,-0.5066179140142915,9.999000099990002e-05,estimable
price_spell_round_trips,one_tick,queue_and_ofi,0.05,100,100,74,32,-1.2688975245363379,0.13222027403062997,-1.5476310174972534,-1.0243542437780593,-1.6689550108629088,-0.868840038209767,9.999000099990002e-05,estimable
price_spell_round_trips,one_tick,queue_and_ofi,0.05,100,500,2,2,-2.0594977662175,1.1329759608369645,-3.64598143986,-0.473014092575,-5.487531161881669,1.3685356294466686,0.9283071692830717,estimable
price_spell_round_trips,one_tick,queue_and_ofi,0.05,1000,1,53,24,-0.7200106003290566,0.1230953193813561,-0.99662942853071,-0.5035686463547338,-1.092458807771613,-0.34756239288650015,9.999000099990002e-05,estimable
price_spell_round_trips,one_tick,queue_and_ofi,0.05,1000,100,22,15,-1.2157738779246363,0.20802678561748003,-1.7242031082272062,-0.8715654737789569,-1.8451983255206703,-0.5863494303286024,9.999000099990002e-05,estimable
price_spell_round_trips,one_tick,queue_and_ofi,0.05,1000,500,0,0,,,,,,,,zero_fills
price_spell_round_trips,one_tick,queue_and_ofi,0.05,10000,1,34,22,-0.7857660427140294,0.18163299952354114,-1.1861296422530032,-0.4708676437817248,-1.3353310905561626,-0.23620099487189627,9.999000099990002e-05,estimable
price_spell_round_trips,one_tick,queue_and_ofi,0.05,10000,100,14,13,-1.2606176033375,0.30890634672358314,-1.973714375879331,-0.74330697804859,-2.195272273255461,-0.3259629334195391,0.00019998000199980003,estimable
price_spell_round_trips,one_tick,queue_and_ofi,0.05,10000,500,0,0,,,,,,,,zero_fills
price_spell_round_trips,one_tick,queue_and_ofi,0.1,0,1,1120,51,-0.684023886155134,0.035404794602213886,-0.7563653327901545,-0.6185921026679859,-0.7911477991579843,-0.5768999731522837,9.999000099990002e-05,estimable
price_spell_round_trips,one_tick,queue_and_ofi,0.1,0,100,532,50,-1.3983184045836012,0.07381692846068026,-1.5460625417998608,-1.2592244906302803,-1.621665505206664,-1.1749713039605385,9.999000099990002e-05,estimable
price_spell_round_trips,one_tick,queue_and_ofi,0.1,0,500,25,15,-1.8908247862524796,0.5187086748107969,-3.096631043770808,-1.104449408846348,-3.4602761438598746,-0.32137342864508445,0.0028997100289971,estimable
price_spell_round_trips,one_tick,queue_and_ofi,0.1,10,1,1006,51,-0.7132941801758828,0.03951913443622903,-0.7941114380691844,-0.6409375186767645,-0.832866807749602,-0.5937215526021635,9.999000099990002e-05,estimable
price_spell_round_trips,one_tick,queue_and_ofi,0.1,10,100,472,50,-1.4319415383826846,0.07129706427511254,-1.5809183130091624,-1.3000600930716568,-1.647664312559948,-1.2162187642054212,9.999000099990002e-05,estimable
price_spell_round_trips,one_tick,queue_and_ofi,0.1,10,500,25,15,-1.8908247862524796,0.5187086748107969,-3.096631043770808,-1.104449408846348,-3.4602761438598746,-0.32137342864508445,0.0028997100289971,estimable
price_spell_round_trips,one_tick,queue_and_ofi,0.1,100,1,689,51,-0.7896301734968594,0.04816852820880621,-0.8916747870750024,-0.7025528215310602,-0.9353731804339153,-0.6438871665598035,9.999000099990002e-05,estimable
price_spell_round_trips,one_tick,queue_and_ofi,0.1,100,100,308,48,-1.3631805424847174,0.08722844084908779,-1.5529798597610025,-1.2090385620222257,-1.6271067144588276,-1.0992543705106073,9.999000099990002e-05,estimable
price_spell_round_trips,one_tick,queue_and_ofi,0.1,100,500,22,15,-1.9860549425405454,0.5685990771036065,-3.281685810525448,-1.1160518496423368,-3.706459163310659,-0.2656507217704318,0.005099490050994901,estimable
price_spell_round_trips,one_tick,queue_and_ofi,0.1,1000,1,289,46,-0.7218578763769308,0.053188835020440195,-0.8357571804320992,-0.6234862779033058,-0.8827907725981761,-0.5609249801556855,9.999000099990002e-05,estimable
price_spell_round_trips,one_tick,queue_and_ofi,0.1,1000,100,131,39,-1.1982619704020612,0.09713232465670717,-1.4109066747361263,-1.0267230122950537,-1.4921542189857901,-0.9043697218183322,9.999000099990002e-05,estimable
price_spell_round_trips,one_tick,queue_and_ofi,0.1,1000,500,14,10,-1.8178957272231426,0.6483590548719658,-3.56714595976412,-0.9049978606301994,-3.7796288701227105,0.14383741567642505,0.11648835116488351,estimable
price_spell_round_trips,one_tick,queue_and_ofi,0.1,10000,1,194,43,-0.7154745112629743,0.0728733254387498,-0.868345257791744,-0.5841030756943494,-0.9359665621910396,-0.49498246033490917,9.999000099990002e-05,estimable
price_spell_round_trips,one_tick,queue_and_ofi,0.1,10000,100,89,33,-1.2201485559362246,0.1242372642207606,-1.4941974825103126,-0.9962217415159564,-1.5960519338155776,-0.8442451780568716,9.999000099990002e-05,estimable
price_spell_round_trips,one_tick,queue_and_ofi,0.1,10000,500,10,8,-2.082968560509,0.8563928880391254,-4.3975806034184,-1.0088407838114402,-4.674147474701215,0.5082103536832152,0.36326367363263673,estimable
price_spell_round_trips,one_tick,queue_and_ofi,0.2,0,1,2005,51,-0.657186508005224,0.027860769218995985,-0.7157902956694119,-0.6070939257148694,-0.741484543103035,-0.5728884729074131,9.999000099990002e-05,estimable
price_spell_round_trips,one_tick,queue_and_ofi,0.2,0,100,979,51,-1.2859774635155934,0.05843982643042984,-1.415403682974979,-1.1829745498034332,-1.4627982289732633,-1.1091566980579235,9.999000099990002e-05,estimable
price_spell_round_trips,one_tick,queue_and_ofi,0.2,0,500,58,28,-2.130442514802518,0.5693110950578361,-3.4588239898568514,-1.2668216160503043,-3.853001080774809,-0.40788394883022683,0.0015998400159984002,estimable
price_spell_round_trips,one_tick,queue_and_ofi,0.2,10,1,1869,51,-0.6734137660336212,0.02954915775004009,-0.7363003305898712,-0.6203691368322469,-0.7628203404732554,-0.5840071915939871,9.999000099990002e-05,estimable
price_spell_round_trips,one_tick,queue_and_ofi,0.2,10,100,907,51,-1.3011856446074765,0.06595451905026438,-1.448299076107372,-1.1882405148004564,-1.5007435361378954,-1.1016277530770577,9.999000099990002e-05,estimable
price_spell_round_trips,one_tick,queue_and_ofi,0.2,10,500,58,28,-2.130442514802518,0.5693110950578361,-3.4588239898568514,-1.2668216160503043,-3.853001080774809,-0.40788394883022683,0.0015998400159984002,estimable
price_spell_round_trips,one_tick,queue_and_ofi,0.2,100,1,1435,51,-0.7123626650590152,0.03410806119964801,-0.7854246161120629,-0.651136487013344,-0.8155630655047366,-0.6091622646132939,9.999000099990002e-05,estimable
price_spell_round_trips,one_tick,queue_and_ofi,0.2,100,100,683,51,-1.2472936970103619,0.0836428880431323,-1.4282818173209382,-1.1016287296499625,-1.5003710997381654,-0.9942162942825583,9.999000099990002e-05,estimable
price_spell_round_trips,one_tick,queue_and_ofi,0.2,100,500,52,26,-2.0568211582223657,0.603568250812905,-3.53887573791488,-1.1712335462464445,-3.883031238461643,-0.23061107798308833,0.007899210078992101,estimable
price_spell_round_trips,one_tick,queue_and_ofi,0.2,1000,1,691,51,-0.6775451685669639,0.03628943733045712,-0.7542343489604749,-0.6126376194424731,-0.7873457357270737,-0.5677446014068541,9.999000099990002e-05,estimable
price_spell_round_trips,one_tick,queue_and_ofi,0.2,1000,100,343,50,-1.1863948127612303,0.11649988620933362,-1.4573664639765376,-1.0032646348812235,-1.5388872877309971,-0.8339023377914635,9.999000099990002e-05,estimable
price_spell_round_trips,one_tick,queue_and_ofi,0.2,1000,500,36,20,-2.05263544638425,0.8023014226950845,-4.019235109887657,-0.9464088370551872,-4.480150385320712,0.37487949255221276,0.2556744325567443,estimable
price_spell_round_trips,one_tick,queue_and_ofi,0.2,10000,1,468,50,-0.6774375897504572,0.04709713035135,-0.7761219916563445,-0.5933270456895399,-0.8199388795087217,-0.5349362999921927,9.999000099990002e-05,estimable
price_spell_round_trips,one_tick,queue_and_ofi,0.2,10000,100,251,48,-1.270318004310769,0.14829529816170736,-1.6184706700373273,-1.038249304347132,-1.719013521330182,-0.8216224872913558,9.999000099990002e-05,estimable
price_spell_round_trips,one_tick,queue_and_ofi,0.2,10000,500,24,18,-2.68489927970175,1.14821354742511,-5.379724402912193,-1.08536717143844,-6.15903688013201,0.789238320728511,0.4540545945405459,estimable
price_spell_round_trips,one_tick,queue_and_ofi,1.0,0,1,8723,51,-0.7976987916652719,0.02992433171674791,-0.858219300197679,-0.7430530750513562,-0.8882405260125427,-0.7071570573180012,9.999000099990002e-05,estimable
price_spell_round_trips,one_tick,queue_and_ofi,1.0,0,100,5470,51,-1.1244352484549016,0.0464016533802325,-1.2135052232788035,-1.0357883629885034,-1.2648322408888477,-0.9840382560209555,9.999000099990002e-05,estimable
price_spell_round_trips,one_tick,queue_and_ofi,1.0,0,500,263,43,-1.4186643220549353,0.2029123351470889,-1.902162000582356,-1.0929336071466296,-2.0326140308930354,-0.8047146132168352,9.999000099990002e-05,estimable
price_spell_round_trips,one_tick,queue_and_ofi,1.0,10,1,8404,51,-0.804815992378808,0.030739878808993565,-0.8665146664424512,-0.7484133446977604,-0.8978253189474439,-0.711806665810172,9.999000099990002e-05,estimable
price_spell_round_trips,one_tick,queue_and_ofi,1.0,10,100,5278,51,-1.130897488096683,0.047332744194415535,-1.2227792037394918,-1.0406286170011694,-1.2741116721708274,-0.9876833040225383,9.999000099990002e-05,estimable
price_spell_round_trips,one_tick,queue_and_ofi,1.0,10,500,256,43,-1.4046972450603983,0.20263201417012414,-1.888377508995675,-1.0874958775584422,-2.0177987896798766,-0.7915957004409199,9.999000099990002e-05,estimable
price_spell_round_trips,one_tick,queue_and_ofi,1.0,100,1,6933,51,-0.8000366964712076,0.029299115209186426,-0.8605639453002122,-0.7465039988050263,-0.8886867198364925,-0.7113866731059226,9.999000099990002e-05,estimable
price_spell_round_trips,one_tick,queue_and_ofi,1.0,100,100,4364,51,-1.1059106385571005,0.04734576960489922,-1.2016880448482603,-1.0171808925481982,-1.2491642334781417,-0.9626570436360592,9.999000099990002e-05,estimable
price_spell_round_trips,one_tick,queue_and_ofi,1.0,100,500,236,43,-1.4262303360964914,0.19693006089122903,-1.9069992178078643,-1.1187347139805006,-2.0220795409168715,-0.8303811312761114,9.999000099990002e-05,estimable
price_spell_round_trips,one_tick,queue_and_ofi,1.0,1000,1,3063,51,-0.711316645236109,0.024802764239578785,-0.764389341660208,-0.6676510010471285,-0.7863621069732236,-0.6362711834989945,9.999000099990002e-05,estimable
price_spell_round_trips,one_tick,queue_and_ofi,1.0,1000,100,1931,51,-1.0391912887744779,0.05024894650143115,-1.1439007163121808,-0.9480385850841064,-1.191228995361472,-0.8871535821874837,9.999000099990002e-05,estimable
price_spell_round_trips,one_tick,queue_and_ofi,1.0,1000,500,152,37,-1.5017485280336973,0.27197352945788605,-2.204935660946636,-1.0899000467267432,-2.3246559629183188,-0.6788410931490757,9.999000099990002e-05,estimable
price_spell_round_trips,one_tick,queue_and_ofi,1.0,10000,1,1990,51,-0.6985395576787031,0.02902139106553672,-0.7628579763034675,-0.6489820295889445,-0.7863492740364941,-0.6107298413209121,9.999000099990002e-05,estimable
price_spell_round_trips,one_tick,queue_and_ofi,1.0,10000,100,1298,51,-1.0262714869541703,0.051954923561164476,-1.1372299138881117,-0.937068100437854,-1.183470950308433,-0.8690720235999075,9.999000099990002e-05,estimable
price_spell_round_trips,one_tick,queue_and_ofi,1.0,10000,500,120,30,-1.5756245169693,0.31660225117971086,-2.4112678497227034,-1.0971268088649435,-2.533564603698715,-0.6176844302398847,9.999000099990002e-05,estimable
