horizon,x,y,observations
10,-3024.740806784374,-0.0003280340657548924,18961
10,-1292.5662153730652,-0.000310573027949593,18962
10,-971.4613493870256,-0.0002983871867471294,18960
10,-785.2949998020148,-0.0002801728668609396,18961
10,-656.1254492163106,-0.00026686601475625697,18961
10,-554.8649551600633,-0.00024756663710784484,18961
10,-471.4295902528746,-0.0002349974843485182,18961
10,-399.0345429280532,-0.0002158329451970393,18961
10,-336.64946181646945,-0.00020518394265222524,18960
10,-280.46270767052215,-0.00017916435401568238,18965
10,-228.94734549169627,-0.0001586817959273055,18959
10,-180.62157347192434,-0.00013636900696352558,18960
10,-134.15779769496177,-0.00010684549338479513,18964
10,-89.22012763383043,-7.328284434181473e-05,18958
10,-45.28772642504747,-3.601207069290359e-05,18961
10,-3.4822198785291985,-4.7099932799876375e-06,18959
10,37.221165667008314,3.0650865368613606e-05,18961
10,81.26806623983107,6.902091971470659e-05,18961
10,126.15466669073062,9.854456313027953e-05,18964
10,172.55878462769485,0.0001321291928137407,18958
10,220.48043776112283,0.0001628514907049869,18962
10,270.9814009474356,0.0001838626052083628,18962
10,326.2688136036884,0.00020242931750335245,18959
10,388.1056594412123,0.00022652006407951006,18962
10,459.2420787300715,0.00023174681196680213,18960
10,542.2588228875522,0.0002567841593495622,18962
10,643.0758215269824,0.00027008215891274656,18959
10,774.1143584752141,0.0002826228417723301,18961
10,959.8970639051735,0.00030277481132618507,18961
10,1283.2494142475427,0.0003203477581334615,18961
10,3012.691305785177,0.00033177725996033094,18961
13,-3643.5929092663177,-0.00038901124138266915,14585
13,-1587.9999257273964,-0.0003822141304915737,14584
13,-1191.1330002558327,-0.0003566105980641163,14585
13,-962.1359155631272,-0.000336989768547173,14584
13,-802.3658782962642,-0.00030596348658485495,14585
13,-676.076256037026,-0.00028906416737868915,14584
13,-573.2991750142248,-0.00027840951161597297,14586
13,-485.8846787509522,-0.0002457142147158438,14583
13,-409.38788207885136,-0.0002313590922977377,14586
13,-340.8754067126672,-0.00021018733023734997,14585
13,-277.6257192097199,-0.0001781918388277324,14582
13,-218.73167660299796,-0.00015748365000249243,14586
13,-162.48219137907017,-0.00011971227686789548,14583
13,-108.17454362025829,-8.066379660380764e-05,14586
13,-55.33231208074017,-4.128190466242971e-05,14583
13,-3.9647405086753373,-7.801525548317202e-06,14587
13,46.48619233526933,3.802878026116721e-05,14582
13,99.46654332803762,7.613023842967267e-05,14585
13,153.7158403317601,0.00011029170649085805,14584
13,209.15116179348337,0.00015306631569653154,14586
13,267.8033398380778,0.00018244435029151525,14583
13,329.70956293679257,0.00020958973456171312,14584
13,397.0960843107396,0.00023506012146488472,14585
13,472.85068758420925,0.00025632176084396585,14584
13,557.742348066464,0.0002763588063675199,14585
13,658.3904219766531,0.00029359739845185163,14584
13,783.7068603334826,0.0003223203507903379,14586
13,945.6164482004865,0.00033940814021871037,14583
13,1171.6000504684703,0.00036492617928044185,14586
13,1572.7283704432014,0.000380549160769359,14583
13,3629.1761267548554,0.00039785974593165106,14585
16,-4210.679151404367,-0.0004462152472373268,11850
16,-1864.9651955961506,-0.0004352603464858061,11849
16,-1393.1489151526728,-0.00041285880730414925,11849
16,-1122.9905379864958,-0.0003802189725271098,11849
16,-933.959175326515,-0.0003532649840524781,11850
16,-789.1456880322328,-0.0003329694321662415,11849
16,-669.4878869960825,-0.0003099924438818113,11849
16,-566.8777419809027,-0.00028037885696759326,11849
16,-477.0647337919945,-0.00025692476483503315,11850
16,-396.54937379295967,-0.0002311627704594595,11849
16,-323.0876810158536,-0.0001918337768632806,11849
16,-254.25614662444968,-0.0001653319045999006,11850
16,-188.66781073865997,-0.00013153937265766077,11848
16,-126.15397735278093,-8.863705887329049e-05,11850
16,-64.70227434189714,-4.609825269866284e-05,11850
16,-4.465244896136728,-6.222926772048517e-06,11851
16,53.85671528483892,3.509850317695089e-05,11846
16,114.37713304987719,8.60281992728691e-05,11851
16,176.92377359176936,0.00012623001519785409,11848
16,242.01828890130946,0.00015187451307186148,11850
16,309.3371844325117,0.0001969106796366693,11848
16,381.344994000164,0.00022817552390617807,11850
16,460.67378447804447,0.00026890626352828325,11849
16,549.0593321716725,0.0002925722418102922,11850
16,650.0262254419671,0.00031878498030998533,11848
16,769.4449294178215,0.00033879600317686056,11849
16,916.6894931838605,0.00036195169900647136,11850
16,1105.4694770402089,0.0003870596118641254,11849
16,1373.4713099953226,0.0004164723133121706,11849
16,1838.4422533691618,0.0004333636465859539,11849
16,4192.152561162185,0.0004576735554967192,11850
20,-4909.444959372287,-0.0005234487445561243,9479
20,-2206.4423340085364,-0.0005089080236716267,9478
20,-1654.2642791045746,-0.00046520544527090923,9479
20,-1329.4603748368186,-0.0004316134299731646,9478
20,-1103.513364931772,-0.00040343423078601995,9478
20,-929.4485450614865,-0.0003823915354606365,9479
20,-785.4361194669183,-0.0003481303109509023,9478
20,-662.861243715145,-0.0003225101655524675,9479
20,-557.7361102549534,-0.0002884566365053683,9478
20,-463.4499993558644,-0.00025471776019537205,9479
20,-376.408968902546,-0.00021967742852487053,9478
20,-295.60873048220566,-0.00017733209507689226,9478
20,-218.68775730220523,-0.00014231771641097857,9479
20,-144.94373837948172,-9.477701548962258e-05,9478
20,-73.17936629965628,-4.744743605366059e-05,9478
20,-3.7354226965770323,-9.307404134207813e-06,9479
20,64.13739780119622,4.395607377480259e-05,9479
20,134.81789718805106,8.710195731742143e-05,9477
20,207.7332226544921,0.0001417348008580066,9479
20,283.61799810486997,0.00017860388842190773,9478
20,362.3915776665109,0.00022441023084032082,9480
20,446.5878228578002,0.00025408978850574305,9477
20,539.5021741900165,0.00028660423326639593,9479
20,642.966044722642,0.00032802002803782206,9479
20,762.7279100033314,0.0003605627266223459,9477
20,904.994428970623,0.00038006254189765936,9479
20,1078.2918460377657,0.00041918764032947066,9478
20,1302.8032178722972,0.00044626024628870604,9478
20,1624.148649060891,0.0004653969913961321,9479
20,2176.4981883477553,0.0005118205546450859,9478
20,4864.932880517434,0.0005306671301865773,9479
25,-5719.065659596214,-0.0006116720058645635,7583
25,-2616.4252852400223,-0.0005759220573651947,7582
25,-1953.6780439960799,-0.0005225696312894562,7582
25,-1568.9150333118432,-0.0005014845507824338,7582
25,-1301.1006994817235,-0.00045753198258812106,7582
25,-1093.261579548115,-0.0004278834070580303,7582
25,-923.4542905790546,-0.00040068997027039373,7582
25,-777.2354725699824,-0.0003583050933276328,7582
25,-653.4141375353869,-0.00032171416220264933,7582
25,-540.8613276499333,-0.00027810453463904164,7582
25,-439.9803455168195,-0.00023555531645494526,7583
25,-345.20919546520736,-0.00019593783406512448,7582
25,-256.1364120771633,-0.00015358442412684143,7582
25,-169.7349093425649,-0.00011058702074573018,7582
25,-87.58051816305377,-5.971353064314089e-05,7582
25,-7.127647444258,-1.1875499411070697e-05,7582
25,73.00555555205865,4.2123687547488e-05,7582
25,155.6994853122879,9.787105768565271e-05,7582
25,240.99695009794405,0.00014980964223915822,7582
25,330.0758824971881,0.0001961538785205894,7582
25,423.57074659175237,0.00024353271346040084,7583
25,524.5270566829001,0.00029160620624609017,7582
25,635.5055951349152,0.0003334513033245694,7583
25,757.3664097068546,0.0003653618011422994,7581
25,897.3994844216513,0.0004068744457147486,7582
25,1066.9746836838854,0.000426216396177358,7582
25,1275.8968647876113,0.0004642971570214028,7582
25,1539.4281316376325,0.0004966402719504926,7583
25,1918.5788190211601,0.0005459570892430408,7581
25,2574.871106426015,0.0005916688709446254,7582
25,5649.529757346936,0.0006198862574045923,7583
32,-6745.3913647348745,-0.0007232305264824527,5923
32,-3148.2773193418784,-0.0006563245533316867,5923
32,-2351.8455199026753,-0.0006214039248913229,5923
32,-1883.1868033158637,-0.0005643282825179191,5922
32,-1557.4755597762698,-0.0005363940808172646,5923
32,-1307.892034909728,-0.0004910124236210163,5923
32,-1101.5272050293413,-0.0004372110487735372,5922
32,-928.311945640257,-0.0004234561610575376,5923
32,-779.7336686170153,-0.0003590369416254971,5923
32,-645.3498930599515,-0.0003161595312487672,5922
32,-523.780321046132,-0.00028376620876251055,5923
32,-409.4157380156288,-0.0002151931161002513,5923
32,-303.3478150013848,-0.00017594568888198777,5922
32,-201.95583950407124,-0.00012384917568633366,5923
32,-102.8755396052267,-5.815913695492038e-05,5923
32,-7.484719967713269,-3.3529062677828855e-06,5922
32,86.97221228721293,5.942310160739908e-05,5923
32,185.46224303091455,0.00011679268956676934,5923
32,288.1778399716406,0.0001730206090349815,5922
32,392.129150882344,0.00023298095524793122,5923
32,502.1434350438384,0.00026686686686167255,5923
32,621.0255957191923,0.0003317738233429236,5922
32,752.0212471769173,0.0003654158820300377,5923
32,902.8259026223894,0.00039964593882976806,5923
32,1072.8952033163773,0.00045136166192445395,5922
32,1274.9146412859293,0.0005081072175133171,5923
32,1521.8582218617007,0.0005460357138512717,5923
32,1843.4224834733764,0.0005711618418419978,5922
32,2297.4827061165497,0.000626264238555,5923
32,3086.617594614249,0.0006696364656147809,5923
32,6667.576620718172,0.0007321758583256344,5923
40,-7796.690035015467,-0.0008354571913802685,4738
40,-3698.427430484303,-0.0007675445721054044,4737
40,-2765.114176796536,-0.000684724259561839,4737
40,-2222.064236937734,-0.0006455120203425377,4738
40,-1837.6245619992756,-0.0005974711707477607,4737
40,-1538.095197938736,-0.0005298875520042532,4737
40,-1294.8438980610376,-0.00047145196522713846,4737
40,-1087.9649569003152,-0.00044743025234768373,4738
40,-912.3893322998385,-0.0004114798451204298,4737
40,-755.6767110982938,-0.00037428156487129526,4737
40,-612.9102694022773,-0.0003069900847017902,4737
40,-482.00082233868346,-0.0002574454069054858,4738
40,-359.7507242238027,-0.00019717848607212512,4737
40,-240.33170298395325,-0.00013728455158778068,4737
40,-122.85785104402287,-6.30758150155285e-05,4737
40,-9.06035773307561,8.82625441662599e-06,4738
40,103.32728340277758,6.074432554355553e-05,4737
40,218.9319455716184,0.00012366732114487748,4737
40,336.9839091832275,0.00017824067973901074,4737
40,459.9756821021929,0.00024205518326517913,4738
40,590.4563546102205,0.00030852539402202576,4737
40,730.3780195999911,0.0003716826088805328,4737
40,882.6518042822994,0.0004271124420536499,4737
40,1057.8553138000204,0.00045474058110200107,4738
40,1260.0186753062085,0.0004917379921040332,4737
40,1494.3772452044386,0.0005516996317222153,4737
40,1785.946440344387,0.0005915524997277034,4737
40,2162.266614377296,0.0006465162660633337,4738
40,2699.342522348832,0.0007183618124060411,4737
40,3635.4380937767314,0.0007756602670973375,4737
40,7672.9742741956115,0.0008528840458933645,4738
50,-9005.437146521246,-0.0009670047816931342,3790
50,-4376.9559841087375,-0.000848857656945589,3789
50,-3289.4010195073033,-0.0007886270930945338,3789
50,-2623.8084373640822,-0.0007371084472570248,3789
50,-2166.060026982055,-0.000685419684608656,3789
50,-1810.8941248885667,-0.0006084244770406629,3790
50,-1519.732554695614,-0.0005492629485247534,3788
50,-1280.465576511188,-0.0004928549726662,3789
50,-1074.2198959705845,-0.0004300629759139914,3789
50,-887.3491657129387,-0.0004006712532362813,3789
50,-718.9061689734579,-0.00034716880924581654,3790
50,-560.5896224494614,-0.00025832648102052015,3789
50,-415.88676648516747,-0.0002273264607784698,3789
50,-272.85294802761007,-0.000160866382030068,3789
50,-135.76497169195613,-7.555556963149355e-05,3789
50,-4.220477386410911,-4.30940952340699e-06,3789
50,127.1713656033584,6.715979900045659e-05,3789
50,260.03764113537966,0.0001425232718192875,3789
50,396.71647052292394,0.00021356194625324806,3790
50,540.4962578106307,0.0002919055023500809,3788
50,695.5308534886585,0.0003454819638773274,3790
50,860.533024021145,0.00038610192498029274,3789
50,1041.4527357307227,0.00045257092285578665,3789
50,1243.4323587206272,0.0005229960710548155,3789
50,1475.0222352509586,0.000575712646678702,3789
50,1757.5434873505274,0.0006258404498643709,3789
50,2107.7128107198123,0.0006662504645450758,3789
50,2551.429050791744,0.0007462990486034663,3789
50,3191.9483809670705,0.0007875093342843428,3789
50,4290.8276288892075,0.0008820755877397045,3789
50,8807.778255972844,0.0009716034843975001,3790
63,-10430.443941039191,-0.0011286522564191406,3007
63,-5196.929183295806,-0.0009866845455970973,3006
63,-3877.241206022876,-0.0008948512855670877,3006
63,-3107.092432554391,-0.0008171431350812879,3006
63,-2562.932223393983,-0.0007254800405971753,3007
63,-2153.4009598106754,-0.000703377690094161,3006
63,-1815.8759051636878,-0.0006387371026170443,3006
63,-1530.4974046707966,-0.0005455752673848298,3006
63,-1273.80376938247,-0.0005012689707222176,3007
63,-1054.6252891065647,-0.00045297231378144614,3006
63,-853.6177369983756,-0.00038557069162921317,3006
63,-666.3045688992538,-0.0003174207126411335,3006
63,-491.18784103472245,-0.00022641170986330115,3006
63,-329.41154205110087,-0.0001622206916228366,3007
63,-170.5662510371395,-7.977666701035223e-05,3007
63,-10.073419130332905,-7.799962605584313e-06,3005
63,148.3135903149152,9.09395670183284e-05,3006
63,309.052763598183,0.00018560572872574756,3007
63,471.40150507779265,0.00022723676375405261,3006
63,644.6756095549964,0.0003091741148811454,3006
63,826.2376780919544,0.0003739391200586838,3006
63,1019.7487042852266,0.0004471358840693286,3006
63,1231.274305874572,0.0004985219130979781,3007
63,1466.9773354988647,0.0005685776151028808,3006
63,1746.767632798191,0.00063034638535536,3006
63,2078.737847270219,0.0007027373264437398,3006
63,2485.563811847636,0.0007667767174203725,3007
63,3023.716603035608,0.0008448444183415406,3006
63,3773.206453086062,0.0009150119965973541,3006
63,5088.316108617608,0.000998944414615717,3006
63,10208.798306718922,0.0011373572508569282,3007
79,-12031.479810333198,-0.0013011287202079815,2397
79,-6093.919016782073,-0.0011134876781994907,2396
79,-4559.51995845528,-0.001014473013526629,2397
79,-3664.4482692886572,-0.0009046611707271388,2396
79,-3014.578799825425,-0.0008057022201679049,2397
79,-2526.4442656188253,-0.0007706584770534848,2396
79,-2128.431977380292,-0.000693872717214876,2397
79,-1788.488449376873,-0.0006120821761952107,2396
79,-1500.21519960629,-0.0005632705965143663,2397
79,-1243.3392890336718,-0.0005120513501044954,2396
79,-1005.4383849013316,-0.0004121371626645999,2397
79,-788.8318125130623,-0.0003781104503895417,2396
79,-586.1077392549371,-0.0002195847571646352,2397
79,-386.1734406529096,-0.00019678293036138158,2396
79,-197.61567621058197,-0.00011588329339418165,2397
79,-11.004193305643371,1.1269441603859015e-06,2396
79,177.0672141560196,7.301859255400648e-05,2397
79,361.7984674892037,0.00018949915983263317,2396
79,551.1213249917002,0.0002380357844249947,2397
79,750.2454282520182,0.00033894088273588935,2396
79,963.439579004316,0.0004052214050095173,2397
79,1190.8118097506522,0.000511330398855147,2396
79,1441.8381318322968,0.0005866365508087258,2397
79,1720.5112232770553,0.0006601068907529401,2396
79,2034.781743076568,0.0007080378725897813,2397
79,2416.526067427227,0.0007909719211663815,2396
79,2923.1345711113536,0.0008057364009265276,2397
79,3560.064406113744,0.000995919174543238,2396
79,4454.575531511915,0.0009922381710045856,2397
79,5969.17133939658,0.0011592401455320092,2396
79,11709.300300654737,0.001307890270806385,2397
100,-14030.8881060495,-0.001524800548840955,1893
100,-7238.132461463996,-0.0012573114096298633,1892
100,-5410.741055479554,-0.0011212683412562335,1893
100,-4325.805040403384,-0.0010128265979138613,1892
100,-3573.2344315264186,-0.0009166241408300378,1893
100,-2989.788289261619,-0.000818905872280145,1892
100,-2510.444601154204,-0.0007379748322239429,1892
100,-2118.06435237644,-0.000691651430673978,1893
100,-1769.4646748882465,-0.000628321801958853,1892
100,-1462.4053243052547,-0.0005649518876777487,1893
100,-1180.5978798587232,-0.0004759619703629155,1892
100,-919.0636740109585,-0.00042106952439192446,1893
100,-680.0795164596663,-0.0002504213480216658,1892
100,-455.6753650256337,-0.00023006448763201182,1892
100,-231.36957515491503,-0.00010258907131440214,1893
100,-12.426560165555314,-2.926302762821104e-05,1892
100,209.2986727780589,0.00010795630779650018,1893
100,430.75690175611163,0.00021892372398179811,1892
100,660.7448724055783,0.00024371503937735409,1892
100,900.8296498152674,0.0003562582793196318,1893
100,1156.2096289740666,0.0005090782130517958,1892
100,1424.100824276902,0.0005500048172647656,1893
100,1710.7409298825078,0.0006130267872643053,1892
100,2041.537947620457,0.0007640665756120348,1893
100,2423.8951107077983,0.0008065192639918355,1892
100,2894.6136925594624,0.0008531828609728878,1892
100,3455.455376968378,0.0009441514353474515,1893
100,4185.751411563627,0.0010922252873313515,1892
100,5256.9741983420345,0.0011169286499573877,1893
100,7086.547597133672,0.0013001088930872703,1892
100,13460.162697151416,0.001500824298735006,1893
126,-16076.706614311783,-0.0017395975760512916,1502
126,-8563.129724113795,-0.0014473657035650356,1501
126,-6404.958005749834,-0.0013018096073386027,1501
126,-5154.434350933042,-0.0011008545567451344,1501
126,-4261.425975443259,-0.001051465322931499,1501
126,-3546.899936402974,-0.0009178504565053588,1501
126,-2985.019361243314,-0.0008832260849822111,1501
126,-2525.20015073543,-0.0007563899005237654,1501
126,-2114.423522623642,-0.000674373171660872,1501
126,-1736.0913998125457,-0.0006519712976898711,1501
126,-1394.6971344322535,-0.0005082254393022505,1502
126,-1089.2572440722204,-0.0004179672703447478,1500
126,-794.8202319432883,-0.00026164587497278153,1501
126,-522.3606127122345,-0.00017817640006992247,1501
126,-269.1033939783566,-0.00015414970768912244,1501
126,-11.984099779202491,-3.649905838430768e-05,1501
126,243.93349831187564,0.00011630023146407106,1501
126,503.41130050417104,0.00018953510371733998,1501
126,773.5850890575198,0.000294296016579434,1502
126,1056.2068077419929,0.00043779299912595287,1500
126,1354.487786400508,0.00047386550796949174,1501
126,1679.8813917765276,0.0006481611460237536,1501
126,2030.4512176212772,0.0007474084094910004,1501
126,2423.766113708681,0.0007581310047741267,1501
126,2869.8753214163535,0.0009041372212221113,1501
126,3405.2999339493795,0.0010001421395212581,1501
126,4107.447139951903,0.0010875631366407447,1501
126,4993.716620622277,0.0011681929424576117,1501
126,6234.443393637728,0.0013000589492002392,1501
126,8283.374524828647,0.001466355089623327,1501
126,15499.65046808033,0.0017374483242769173,1502
158,-18537.194937378063,-0.0019416980342458028,1197
158,-10028.268998798714,-0.0016615895311818747,1196
158,-7521.956419179035,-0.0013670007076342426,1196
158,-6066.771354396391,-0.001305834037401143,1196
158,-5034.119955241696,-0.0011533020931278639,1196
158,-4225.78068995234,-0.0010792950896412108,1196
158,-3565.4799168366885,-0.000997183155695926,1196
158,-2988.8863123193855,-0.0007573457130918319,1196
158,-2478.39098794617,-0.0007493991339693337,1196
158,-2044.8215365508395,-0.0006461010070185531,1196
158,-1653.4598504060214,-0.0005877341130216186,1196
158,-1274.731745554534,-0.0004862316682063842,1196
158,-935.7248813842297,-0.000387052515025734,1196
158,-615.1831270304317,-0.000311740157734983,1196
158,-312.10654524481686,-0.00012506722242990696,1196
158,-6.592661073544311,3.747979816235715e-05,1196
158,292.37870619325497,6.638586045536276e-05,1196
158,589.2729388017011,0.00020861201683414673,1196
158,913.5693835582381,0.0003175861487706563,1196
158,1238.917447553896,0.0004695066153411512,1196
158,1586.4083957511289,0.000506715233702958,1196
158,1956.771921283083,0.0007597340663665175,1196
158,2388.2578888083767,0.0008025256537682616,1196
158,2844.7291214044317,0.0008534289871858397,1196
158,3396.6473136775967,0.0010210988255783808,1196
158,4061.228460069576,0.0010707015815723175,1196
158,4850.089564608292,0.0011935281204842774,1196
158,5887.3404099312365,0.0013415594603885055,1196
158,7337.497473915872,0.0015707223678659648,1196
158,9731.20118370626,0.0016652960226056798,1196
158,17760.304676823005,0.001979957306061274,1197
199,-21579.463273978603,-0.0022855064241717317,950
199,-11879.06866522775,-0.0018416755333670704,949
199,-8910.756703588122,-0.0016448412536494473,949
199,-7184.365845623086,-0.0014300991763164118,949
199,-5943.179186128582,-0.0012933755840358538,949
199,-4985.18347137667,-0.001167947986292453,950
199,-4199.702924444252,-0.001070849405302205,949
199,-3527.559219890466,-0.0010117698613532004,949
199,-2948.258216977003,-0.0008750396146035222,949
199,-2405.4566168809383,-0.0006370017158726985,949
199,-1925.7089603140698,-0.0006261248408498847,950
199,-1498.7406492146667,-0.00046422949760700175,949
199,-1118.018871426761,-0.00042664624539417686,949
199,-721.8928830496628,-0.00023995183413739004,949
199,-359.53013118751016,-5.9954539064286755e-05,949
199,3.4751651417992218,3.398157091517923e-05,950
199,363.5584868014884,0.00013059093629403046,949
199,727.3733592137426,0.00014334583052825613,949
199,1090.4889384225887,0.00036141688334286786,949
199,1482.899440550898,0.0005161345740521511,949
199,1861.1274366566208,0.0006611895098001494,950
199,2306.13685382325,0.000689682961194147,949
199,2801.542339676324,0.0009318895045219935,949
199,3367.7071749512666,0.0010142465694201871,949
199,4007.824896160706,0.0010639604458218485,949
199,4788.015708125162,0.0012696220477148477,950
199,5731.118996334043,0.0013281288870985826,949
199,6967.519455416481,0.0015106919307103202,949
199,8660.365092580118,0.001651169612023672,949
199,11471.184284531555,0.0018660889448897729,949
199,20317.491681756706,0.0022943912764205304,950
251,-25076.818421737953,-0.0026195957314336118,752
251,-13972.533033844891,-0.002098690863973916,752
251,-10610.508251192035,-0.0017072575493681738,751
251,-8545.432563231454,-0.0016385801527388907,752
251,-7032.714850325973,-0.001329595675119118,752
251,-5924.655323395297,-0.0012628990888022156,751
251,-5003.36172872776,-0.0011293290690872235,752
251,-4209.831166805726,-0.0010115875469173458,751
251,-3493.1491566127243,-0.0009867438619474923,752
251,-2859.6032703979786,-0.0009021541459797119,752
251,-2313.8121265751315,-0.0007191026032820028,751
251,-1814.679112103182,-0.0005075784239514735,752
251,-1353.044099657133,-0.0005824561270301249,751
251,-917.4311289594331,-0.0002755912401944429,752
251,-470.03905997559104,-0.00024920853095380176,752
251,-41.162356164080464,-2.4100620510888318e-05,751
251,408.4938979850177,5.410378079653301e-05,752
251,836.0429212731697,0.00020765554663386155,752
251,1288.61927769569,0.0003871063968866652,751
251,1758.0782438471563,0.0005613237304702387,752
251,2254.8816321439604,0.0006522024145801993,751
251,2786.2867367614704,0.0008669961946883227,752
251,3370.3050855939337,0.0011185473768167732,752
251,4028.752610905352,0.0011559048098170877,751
251,4757.424302987757,0.0012405441780063218,752
251,5669.306510000285,0.0013992717453437866,751
251,6752.726956726021,0.0015514428821193302,752
251,8230.572316574262,0.001759402024540413,752
251,10287.842747697243,0.0018348782397870867,751
251,13551.728578461065,0.0021760505643704515,752
251,23700.80083406988,0.0025691022361698265,752
316,-28982.77507195777,-0.0028792140059630345,597
316,-16494.17698225493,-0.0024081691118035243,596
316,-12625.016261849505,-0.001862879271404991,596
316,-10222.55158400552,-0.001773474898182031,596
316,-8385.993904161973,-0.001640638873653167,596
316,-6990.923660135493,-0.0016186204978739787,596
316,-5906.165139919545,-0.001396498075394307,596
316,-4964.136228672084,-0.0012643841460091758,596
316,-4124.480626069002,-0.0009867420162992693,596
316,-3391.0536593070733,-0.0009475564262282101,596
316,-2738.731442402201,-0.000727283669756683,597
316,-2125.5924867403164,-0.0005157539633820749,596
316,-1553.0562890928697,-0.0005774383281372533,596
316,-1023.1379400863398,-0.0003819133298625321,596
316,-532.936240498915,-9.100015823032584e-05,596
316,-13.183592191673323,-3.802317162838228e-05,596
316,504.5931529631494,-7.01430417977142e-06,596
316,1019.547448493301,0.0003654213746262707,596
316,1543.4215102251874,0.00032339166769056974,596
316,2075.606167038732,0.0007142713026394539,596
316,2625.471931709905,0.0007014198024061594,597
316,3229.198985726069,0.0008540066113310619,596
316,3929.9121179962876,0.0011627078223065688,596
316,4679.803631069347,0.0012861371835630965,596
316,5544.935397875724,0.0014013628511862061,596
316,6652.07196728399,0.0016110243245913381,596
316,8007.147555726572,0.001756661380104051,596
316,9754.443170997672,0.001900851537683195,596
316,12253.21960582795,0.0022108494990890526,596
316,15927.87504164647,0.0025253801238695104,596
316,27221.398917655268,0.0029245140695187024,597
398,-33300.104416806644,-0.0034600046905113447,473
398,-19429.375880793625,-0.0026138409952831945,473
398,-14861.171331615418,-0.002094101315970367,472
398,-12011.741929357278,-0.0019660966326415863,473
398,-9935.623291591435,-0.0018687192358707626,473
398,-8369.008613250897,-0.0016833678641366846,472
398,-7095.199430675065,-0.0015313553234852695,473
398,-5991.394008846241,-0.001393305823737982,473
398,-5012.582095311815,-0.001212571908315715,472
398,-4150.704432069602,-0.001162455703309384,473
398,-3325.388391492241,-0.0008778602520043604,473
398,-2569.924638590959,-0.0006625678900414501,472
398,-1875.9944940447879,-0.00047892984378872076,473
398,-1228.6379578109947,-0.00024579708182065796,473
398,-650.2427839917701,-0.00017220883857285002,472
398,-36.16765464318835,0.00013374859306706377,473
398,571.6789610587057,0.0001523658059451316,472
398,1187.8490023061827,0.00027502403292106395,473
398,1811.1566060600114,0.00046406389276266834,473
398,2516.3230995414133,0.0006093221142409761,472
398,3199.1483617274484,0.0009443492555861492,473
398,3915.11818240024,0.0009604301749916624,473
398,4730.191836313469,0.001124186151766552,472
398,5700.1792359695855,0.0013596996781135553,473
398,6768.929869495298,0.0015814367875296666,473
398,8025.586225140863,0.001829440354257683,472
398,9581.882857713761,0.0019674661858453193,473
398,11518.047833504943,0.002244287795484062,473
398,14181.985712974782,0.0023596784167088086,472
398,18485.426616057688,0.002653530572180925,473
398,31506.61739168362,0.003534399023920489,473
500,-38769.52731162027,-0.00382021569700963,376
500,-23326.56255435793,-0.0028710823579872744,375
500,-17854.103443133266,-0.0026460610123977255,375
500,-14503.2398108723,-0.0023688655677049676,375
500,-11944.170923157915,-0.002124155747570069,375
500,-9954.878908908328,-0.0016591071552628843,376
500,-8469.492337630747,-0.0015417597565024438,375
500,-7155.288087338471,-0.0017249603142334825,375
500,-5931.686982604509,-0.0011906951576810343,375
500,-4841.4229189791795,-0.0011057793844160078,375
500,-3882.5251265779043,-0.0010226960303993972,376
500,-3033.070740207809,-0.0007951908748998094,375
500,-2246.5630524866847,-0.0005005975303599234,375
500,-1520.3114853690556,-0.0006090712935104179,375
500,-759.5834384281835,-0.00021821201083233177,375
500,62.65013337580834,4.439153054525372e-05,376
500,762.8563465197174,0.00016574611093270165,375
500,1509.0570220023674,0.0004524998894456687,375
500,2287.9465156794363,0.00032212345032268057,375
500,3050.8340147417107,0.0010058310285006704,375
500,3781.5674622202646,0.001034359819753419,376
500,4647.3431860298415,0.0011517531549611207,375
500,5619.804127821573,0.0013717653544895517,375
500,6797.185376013736,0.0016659732921730044,375
500,8158.3577691328765,0.0015325766787408455,375
500,9744.29699977141,0.002164613888682274,376
500,11605.41884720619,0.0021076053057304802,375
500,13813.936966434116,0.0023281994243268046,375
500,16983.1355609703,0.0029030745678328314,375
500,21778.210602753174,0.0029540851712446707,375
500,35409.403159808426,0.003927790916212185,376
630,-44155.63204212339,-0.004375885241106882,298
630,-27799.188390672603,-0.0035071069696099525,297
630,-21323.931689538254,-0.0030505741077026935,297
630,-17110.73479792974,-0.002630089534045961,297
630,-14174.039199124563,-0.002332458950853911,297
630,-11748.965078786432,-0.002177878455737436,297
630,-9783.684919347284,-0.0020072047673482404,297
630,-8352.202952086589,-0.0014900126244730603,297
630,-7017.124065508401,-0.0015984284660947045,297
630,-5754.56322308317,-0.0012718138099001403,297
630,-4642.646364133419,-0.0008033798187933679,297
630,-3641.6623420080855,-0.0009947993875197919,297
630,-2671.184409673446,-0.0006399845130999474,297
630,-1771.7863090050514,-0.0005802047439015952,297
630,-840.1257800909384,-0.00021312362433407759,297
630,113.34167631276136,0.00011889771017285563,298
630,976.8321419676555,0.00022981655552055434,297
630,1845.1919236180877,0.00030407980692293826,297
630,2770.172801365924,0.0004934799323148672,297
630,3669.726009004106,0.0010772845210106296,297
630,4716.598211097467,0.0009805399599053187,297
630,5719.319987537906,0.0014635319780952798,297
630,6813.569384980544,0.0016540187550307796,297
630,8067.016012609893,0.0018695508131821219,297
630,9541.684955033561,0.0018102064729897675,297
630,11321.867976789845,0.0025184409405603803,297
630,13520.558569038772,0.0027264325471326695,297
630,16184.042586493038,0.0025450875330006576,297
630,19918.681333668435,0.0032057063654838923,297
630,25605.066187290297,0.003529212455242468,297
630,41578.96604986289,0.004416625111251037,298
793,-50914.85236422446,-0.005089496726518551,236
793,-32537.97794959759,-0.00388398259449407,235
793,-24971.048687568124,-0.003581133992014754,235
793,-20253.010209261352,-0.0025712565651319435,235
793,-16810.143737264683,-0.00259092826335899,235
793,-14071.651569501628,-0.0024251258865313824,235
793,-11883.89899691019,-0.002106265572664497,235
793,-10079.868969276535,-0.0013126388687691702,236
793,-8420.014359634235,-0.0018527082000928659,235
793,-6907.7695156133195,-0.0016433046622178619,235
793,-5637.841959512628,-0.0015598440721685252,235
793,-4354.717817864601,-0.001089130587477474,235
793,-3194.4515834479803,-0.00036520243227713267,235
793,-2129.7064958242913,-0.0006448047723205052,235
793,-1039.5526593439106,-0.0003232804388981183,235
793,39.28683094814416,0.00012386708020691617,236
793,1014.0929483018963,0.0002506785989340224,235
793,2118.672392125604,0.0003620252782037457,235
793,3224.599551136748,0.0008845779518353461,235
793,4297.411129175766,0.0010773814937367618,235
793,5468.579383689491,0.0012919595544564294,235
793,6829.506870650227,0.0016279223938552873,235
793,8260.026496076089,0.0019001825549886404,235
793,9965.907358916393,0.00206742628214988,236
793,11658.758864495407,0.00242632982943484,235
793,13700.733998519088,0.002628714917682022,235
793,16105.781529715417,0.002728155255342391,235
793,19243.567565041296,0.003196616679525528,235
793,23563.55355646446,0.0032721395407597606,235
793,30195.295498808428,0.003976778912642031,235
793,47609.52549740468,0.0049079221246576136,236
998,-59277.80498869827,-0.005641715595858989,186
998,-38440.494405286045,-0.004584401471954403,186
998,-30123.580953277215,-0.003883519331294772,185
998,-24211.08490347966,-0.0032062891396374077,186
998,-20141.80642262775,-0.002758014701607014,185
998,-16870.57487630241,-0.0023502905573566267,186
998,-14075.633459273764,-0.002383163232191593,185
998,-11889.915801696241,-0.002230357895874845,186
998,-9995.7286444896,-0.0013831854787920293,185
998,-8306.368882732993,-0.0013356142256060188,186
998,-6713.805128272999,-0.0010191443507795354,186
998,-5202.253973274162,-0.0013876693256482868,185
998,-3797.8914097816737,-0.0012516217514014663,186
998,-2477.2860802408345,-0.0004798185188154501,185
998,-1182.225479569297,-0.00036898650832327005,186
998,26.26440818849046,-0.00011677436148335253,185
998,1242.0439417572486,0.0002926010827639515,186
998,2404.986190588488,0.0005405634055597883,185
998,3765.418165239424,0.0007193512761055632,186
998,5193.252581925841,0.0015129218284305461,185
998,6580.244557479635,0.0010241282527954732,186
998,8083.614296428786,0.0013811944179367057,186
998,9635.231873039622,0.0018301232647672662,185
998,11495.149998863006,0.0026079294921236176,186
998,13847.96998961872,0.0026544386207224455,185
998,16251.72167715854,0.002762674893278267,186
998,18969.696157019334,0.0037544195772059017,185
998,22712.447125738538,0.003745183822551658,186
998,27570.317135618632,0.003914403807740583,185
998,35343.30816638934,0.0042374964660977146,186
998,55836.58442703017,0.005556938260550878,186
1257,-68321.56695588306,-0.006874108560788271,147
1257,-44071.91166045418,-0.004899617577314687,147
1257,-35512.59997967057,-0.003974502929511138,147
1257,-28945.34427565589,-0.0035576797463365973,147
1257,-24898.99494478976,-0.0033308161026716883,147
1257,-21338.676161274238,-0.003032632337447239,147
1257,-17994.846031489426,-0.003008503060169726,147
1257,-14990.800656224079,-0.0026428954264987336,147
1257,-12367.14844373798,-0.0023150905022528744,147
1257,-10156.53041391248,-0.001869384849310992,147
1257,-8066.614809757943,-0.0017806816466046063,147
1257,-6176.5559000225985,-0.0011021834194048705,147
1257,-4505.295164669497,-0.0009506288220853626,147
1257,-2817.9352960646256,-0.0002999508042357261,147
1257,-1271.2550687846642,8.812203700759428e-05,147
1257,166.11223029148337,0.0005811803148067302,146
1257,1721.1173241199108,0.0007077636058321466,147
1257,3062.231779761822,0.0009459048326857231,147
1257,4573.095138052713,0.000522460570752947,147
1257,6240.179001510846,0.0006435337388962204,147
1257,7921.870640350059,0.0017608558813612624,147
1257,9650.432004230299,0.0020347428910733206,147
1257,11567.13422275825,0.0021493037415727346,147
1257,13777.732227858665,0.0029316257090593835,147
1257,16258.114938065808,0.0028943105556114043,147
1257,19090.158602469215,0.003306646341568958,147
1257,22490.90472517956,0.0034641866009691683,147
1257,26794.192695781712,0.003737849849264979,147
1257,33119.8208047731,0.004975787581672768,147
1257,41596.65033160392,0.005324474210129896,147
1257,65454.958079966054,0.006191701597059628,147
1582,-82215.75834342361,-0.007759809313193384,116
1582,-54029.64089602898,-0.006277743620319425,116
1582,-41969.02294340078,-0.005069373376993949,116
1582,-34236.41726654862,-0.00503550055507895,116
1582,-28664.18193852709,-0.0037519876509677134,116
1582,-24491.642962269292,-0.0021586905340456584,115
1582,-20453.40655654405,-0.00267167829681195,116
1582,-17466.880897218518,-0.003141975965068393,116
1582,-14944.684092714897,-0.0021641488391452627,116
1582,-12309.26541838731,-0.0026231304608188566,116
1582,-10014.836544667067,-0.0016932988779615474,115
1582,-8029.801861485029,-0.0017645158208074154,116
1582,-5695.408749054504,-0.0007280116730502513,116
1582,-3741.2228752799665,-0.0012633141400107235,116
1582,-1773.7861970283839,0.0005474247059454758,116
1582,278.7459529214636,-0.00020020527815920645,115
1582,2087.046039622058,0.0016793341208109357,116
1582,4062.9585092987513,0.0010551945612877602,116
1582,5951.503859425847,0.0013738456231882998,116
1582,7928.93885866375,0.0010825441884210732,116
1582,9964.507371210922,0.001972701875536417,115
1582,11832.213368370278,0.001963155070519994,116
1582,13966.15764862529,0.002464331405313719,116
1582,16532.096020128458,0.00239259529524576,116
1582,19671.28275266044,0.0041306881308667,116
1582,22961.0102087962,0.00414603354009185,115
1582,26928.991387339815,0.004332294447908893,116
1582,32290.13808413891,0.00390164682448749,116
1582,39058.87782378967,0.005940149013912132,116
1582,49905.508982495405,0.005592096964714965,116
1582,75356.63721014309,0.007068206257323571,116
1991,-94891.67831993203,-0.008656489637933642,91
1991,-63935.85310281388,-0.006085318803978934,91
1991,-49453.26713424219,-0.005583892448488027,91
1991,-40631.80195541774,-0.004689854076479246,91
1991,-33821.68357247378,-0.004066217041208537,91
1991,-29330.328698439753,-0.0036408074036368447,91
1991,-25082.56626633781,-0.0033620395409389133,91
1991,-21246.360249807713,-0.003256318143345991,91
1991,-18021.951204274876,-0.0020297452147934516,91
1991,-15163.511174910096,-0.002231525232003937,91
1991,-12330.28735823183,-0.0021323617829990833,91
1991,-9817.155414053586,-0.0014706579210073173,91
1991,-7240.41857629337,-0.0015648466415831693,91
1991,-4752.331763387834,-0.0010578491922497305,91
1991,-1975.251057950554,-0.0013340731923543263,91
1991,418.8875745031623,0.00014834918824573767,91
1991,2442.5894073175214,0.000703527333849035,91
1991,4419.410728902631,0.001468376098010723,91
1991,6921.47327229911,0.0013105559258015961,91
1991,9129.833336188638,0.0004576869038528581,91
1991,11634.871437452539,0.00270896664561213,91
1991,14197.465307986824,0.0010814581954633265,91
1991,16863.67626128102,0.0034350541981461847,91
1991,19853.756152962564,0.003371391339321874,91
1991,22538.994858559556,0.004361971418980057,91
1991,26713.459974257505,0.004533036760578689,91
1991,31348.68341226098,0.0047213856281908256,91
1991,37229.99646445547,0.005468095538422335,91
1991,45970.768062035,0.006401167114671884,91
1991,56530.91921167468,0.006887607484697088,91
1991,88733.05671692679,0.00814040483800224,91
2507,-106946.44534531292,-0.00940135902456306,72
2507,-73367.93161973267,-0.006941467005866274,71
2507,-58933.74907014537,-0.006171024591625749,72
2507,-48399.26509050739,-0.005090395261774611,71
2507,-40476.9267483334,-0.004504371626283514,72
2507,-33642.78658455001,-0.0030605615977862843,71
2507,-28341.01120458699,-0.004635009052955256,72
2507,-23735.786506882367,-0.0026097276861129213,71
2507,-20517.576451984645,-0.0021919015265978604,72
2507,-17375.43065072957,-0.003259891139686476,71
2507,-13772.982420943546,-0.002735120065478962,71
2507,-11033.181532748575,-0.0018268535948956994,72
2507,-8697.256037001373,-0.002344933587719359,71
2507,-6069.001344164672,-0.0016069151784347227,72
2507,-3417.846426325426,-0.00026659298366312644,71
2507,-625.9396464901051,0.0009670125902714691,72
2507,2036.4963550982188,0.0007158479594229436,71
2507,4479.877471582371,0.0015724426608266784,72
2507,6805.118519830061,0.001230237789095089,71
2507,9907.384499940828,0.001172644275783119,72
2507,12639.854128404704,0.001960652273456486,71
2507,15518.869274093471,0.002868369107131428,71
2507,18729.580893197533,0.003810110595902959,72
2507,22095.184473553756,0.0031271180758010195,71
2507,26702.339599355168,0.004620146744827963,72
2507,31870.99600901185,0.004712956646302086,71
2507,37371.608741746335,0.005613232594741964,72
2507,43584.329734913335,0.006266705565345083,71
2507,53258.19345357897,0.006473658617494814,72
2507,68542.55153945944,0.007613182882587013,71
2507,102701.12523425568,0.009227608849684618,72
3155,-123144.17689240194,-0.010398896015894223,57
3155,-87863.79190418484,-0.009088620986071312,56
3155,-68451.7779787532,-0.0074511322346291365,56
3155,-57033.9916797795,-0.0048231747855768115,56
3155,-47870.44378022463,-0.005177794755827931,57
3155,-40189.79731429001,-0.0038508902274316643,56
3155,-34162.76685193678,-0.003406886406253878,56
3155,-29232.374701878678,-0.00294352369217743,56
3155,-25934.844530610164,-0.004360036731662828,57
3155,-22726.982205417153,-0.0035092532923650826,56
3155,-18918.77128007357,-0.003514157940540679,56
3155,-14717.135860364797,-0.0027234097910272697,56
3155,-11196.703489664373,-0.0026061425346201356,56
3155,-7738.512617128025,-0.0015273080463103134,57
3155,-3881.359087746561,0.0011358789029641983,56
3155,-668.9545922964154,-0.001891909311087181,56
3155,2753.6366281893547,0.0015424528102482929,56
3155,5917.399914237407,0.0027441980795636966,57
3155,8991.936821252053,0.0018403809474747401,56
3155,12237.454874786186,0.0026161595112045776,56
3155,15503.77402192995,0.002921644220776089,56
3155,18747.863927348688,0.0028720134337512876,56
3155,23272.986896762202,0.003930247642176843,57
3155,28338.735046778205,0.003801490034367599,56
3155,33355.41680509138,0.005535717694319582,56
3155,38668.0470232806,0.006370505743117276,56
3155,45326.640727907354,0.006758896197719017,57
3155,52814.921239065596,0.006570746213628647,56
3155,62989.77384688243,0.007484130900441929,56
3155,80106.3338757227,0.007197649284825406,56
3155,117482.76453306513,0.010780114473598355,57
3972,-135436.5208905114,-0.00953144171101356,44
3972,-100811.54514913987,-0.009504688585588098,43
3972,-83913.47574029345,-0.007200198240360687,44
3972,-67600.54530259666,-0.007678687142856358,43
3972,-56440.83441968207,-0.006149980455437341,43
3972,-48115.37858920466,-0.003976155734706161,44
3972,-41431.3230680862,-0.004901230083265326,43
3972,-35247.67806691758,-0.005242909721189697,43
3972,-30920.298531585253,-0.003995375311867696,44
3972,-26006.165586473162,-0.003372995389239083,43
3972,-22414.24361588471,-0.0026468542853144666,43
3972,-18740.612941492043,-0.00279581024776228,44
3972,-14058.840029729863,-0.002757075667962709,43
3972,-9149.099654220814,-0.0008328369361295843,43
3972,-4658.618203092664,-0.0006868898119699092,44
3972,-1176.567777623691,-0.0003906405768821676,43
3972,3076.753366555885,0.0008867536759417801,44
3972,7032.327877041016,0.0016925707981811043,43
3972,11354.642314477622,0.0017507076586046153,43
3972,15255.252245185147,0.0012449043012476846,44
3972,19457.47839280667,0.0018716415051215688,43
3972,23612.025154657975,0.004034165539548617,43
3972,27862.471507278326,0.005862752085767132,44
3972,32557.772049580566,0.00550972879806769,43
3972,37670.90819278772,0.006560716513918102,43
3972,43978.80469606943,0.007558038722416358,44
3972,50851.48625190462,0.007242555944503845,43
3972,60673.269510289945,0.006791894366807835,43
3972,73228.72621395881,0.00897636958254963,44
3972,88356.81980096175,0.009634201822153675,43
3972,133707.69945448698,0.011857838938404348,44
5000,-158463.10195518588,-0.011133776757945527,34
5000,-118686.81302651364,-0.010489839579911632,33
5000,-99764.4392855868,-0.008841708470172863,34
5000,-81814.90938410457,-0.008148025782696244,33
5000,-68312.7216320957,-0.008053521689822318,33
5000,-58885.52260346175,-0.006792110969880906,34
5000,-50179.61755420523,-0.005177685281296147,33
5000,-41156.519214054846,-0.005748167070531614,34
5000,-34543.393561162564,-0.0026221957059827626,33
5000,-28821.18191832496,-0.0042855156601489175,33
5000,-23874.497781520633,-0.0020635375012231553,34
5000,-19448.234086102322,-0.004081703483738826,33
5000,-14552.170349975655,-0.0006161560069569236,34
5000,-10564.19632342541,-0.00268606975719933,33
5000,-5138.9124633035535,0.001083696497212617,33
5000,531.9847140994485,0.003350258756428993,34
5000,4693.8080152278535,0.0008465197394603752,33
5000,9194.070885698791,0.002164776149741394,33
5000,13808.055270299552,0.0028358101806956683,34
5000,18844.183972382838,0.003644001642896964,33
5000,23467.628173316774,0.0028298055185545347,34
5000,28667.079758113185,0.004344414032321186,33
5000,34204.79971707285,0.00565175638210776,33
5000,38821.4204374696,0.005617015778145492,34
5000,44813.18812393548,0.00543225237345123,33
5000,50494.507274497744,0.006755092229931627,34
5000,58992.52005258241,0.005701820035803803,33
5000,70372.76170307395,0.011248742285583315,33
5000,84772.50122766984,0.008647892463891083,34
5000,102468.65594440745,0.0090729193117152,33
5000,149654.42345037864,0.01365759972874224,34
