horizon,x,y,observations,x_scaled,y_scaled
10,-2994.1124505030557,-0.0003278783457808434,18852,-2.1369813090043124,-0.19113358068662736
10,-1298.4335759803703,-0.00031079884173118127,18853,-0.9267281468962484,-0.1811772453342901
10,-975.9520854144283,-0.0002986704921349399,18851,-0.6965641402893878,-0.1741071386438706
10,-789.1823840033423,-0.00027999248439105717,18852,-0.5632614111494892,-0.16321897068121083
10,-659.4701818310643,-0.00026623187123511115,18851,-0.47068220573408337,-0.1551973513861767
10,-557.7810004082528,-0.00024764492373769917,18852,-0.39810380942435697,-0.14436226613297345
10,-473.98945710344435,-0.000235201521572042,18852,-0.3382994550939389,-0.13710850252689652
10,-401.2674697781498,-0.00021566261799962867,18854,-0.28639575066169803,-0.12571848348311895
10,-338.5701708808204,-0.0002052722921607266,18849,-0.2416469451029294,-0.11966154130427327
10,-282.1031640945977,-0.00017940184313878648,18853,-0.20134487226084108,-0.10458060772276935
10,-230.3736250206773,-0.00015859627118810192,18851,-0.16442406185313485,-0.09245219632769168
10,-181.82900116575993,-0.000136596430824004,18852,-0.12977641399569595,-0.07962759745608818
10,-135.13025422687855,-0.00010649737627206442,18852,-0.0964462198189392,-0.06208163827389913
10,-89.96915101271611,-7.371935140081149e-05,18851,-0.06421348472361409,-0.042973998681056155
10,-45.81519938856252,-3.609911597705685e-05,18853,-0.03269958172252822,-0.021043638242973714
10,-3.791832367249423,-5.179381025486631e-06,18855,-0.0027063361946636825,-0.0030192711835972507
10,37.05621500749114,3.0148658271392233e-05,18849,0.02644805102097913,0.01757487520130516
10,81.30663565787694,6.939241247496703e-05,18853,0.05803080664846567,0.04045165055727433
10,126.4194191340328,9.8363740872764e-05,18849,0.09022905460321638,0.05734021244364039
10,173.027509968726,0.00013168266758301463,18852,0.12349454499766706,0.07676316564782114
10,221.1488146100855,0.0001625344488287808,18853,0.1578400581617468,0.09474791973708722
10,271.85341232672204,0.00018433126912072596,18851,0.19402933942365455,0.10745416997773921
10,327.3683834105871,0.00020217126078681476,18852,0.23365191791305037,0.11785382439358251
10,389.39913775768014,0.00022657452343248846,18851,0.27792499209264704,0.132079475553301
10,460.78445243959396,0.00023213058719239157,18852,0.32887467609232796,0.13531833037436108
10,543.9638195412778,0.0002573515542816813,18853,0.38824210324465197,0.1500206546058541
10,645.0189334022994,0.0002693862606670745,18851,0.4603679479049026,0.15703617287216226
10,776.4227891817778,0.000282992665642805,18851,0.5541545335372037,0.16496789796699973
10,962.8032857348413,0.00030303084269643003,18853,0.6871794763478588,0.1766489637646537
10,1287.372864247069,0.0003203022806080167,18851,0.9188338093825126,0.18671718514654037
10,3003.9268668634045,0.0003320691174945621,18852,2.1439861308563866,0.1935765514219338
13,-3605.695433481322,-0.0003894163657150923,14501,-1.9698469640995804,-0.1883888704601356
13,-1595.3354779263395,-0.00038226686564940066,14501,-0.8715563490839227,-0.18493014001038421
13,-1196.9830751692832,-0.0003566932677968272,14500,-0.6539302945019542,-0.17255834047339996
13,-966.9249738092325,-0.0003375567204117248,14502,-0.5282460094892675,-0.16330060796961532
13,-806.4923093615121,-0.0003066187751565133,14499,-0.4405991733005487,-0.14833368548220502
13,-679.6206705786506,-0.00028770359923729406,14501,-0.37128724246853684,-0.1391830463727446
13,-576.4284768687272,-0.0002785021432083945,14500,-0.31491175728175635,-0.134731636364103
13,-488.6165983263144,-0.0002448062052750764,14501,-0.2669387752177545,-0.11843047327688712
13,-411.77523207867125,-0.00023268213771209136,14500,-0.22495915303040873,-0.11256518461759078
13,-342.979174933644,-0.0002095731211346563,14502,-0.18737480715061544,-0.10138568135641386
13,-279.35748147281976,-0.00017811290548751187,14501,-0.15261729586695258,-0.08616609889404246
13,-220.15204019247756,-0.00015750896028764476,14500,-0.12027245118558823,-0.07619847990068626
13,-163.65926843468918,-0.00012001305591577218,14499,-0.08940957965536407,-0.05805899811869456
13,-109.11082684587336,-8.093261481628614e-05,14501,-0.05960892565050087,-0.03915296127995905
13,-56.01814905886382,-4.188969270211833e-05,14501,-0.03060357783783744,-0.020265075088929194
13,-4.368496993805428,-7.794068470143465e-06,14503,-0.0023865772081080403,-0.0037705548216572507
13,46.28841407036016,3.7498168950445836e-05,14498,0.0252880737188186,0.01814057732249037
13,99.50451958272967,7.58854822325391e-05,14501,0.05436085199935471,0.036711298087995774
13,153.9832500104277,0.00011017383985788754,14501,0.08412342172293985,0.05329905744194792
13,209.62814134233636,0.00015340112074465064,14499,0.11452308311419061,0.074211220710603
13,268.5628429057628,0.0001817567224441367,14503,0.1467200185172295,0.0879288767869579
13,330.71298692063374,0.00020943265010881602,14498,0.18067359966810384,0.10131772535810385
13,398.2953492352376,0.0002347262479104015,14500,0.21759488536404115,0.11355406861235702
13,474.31951390781745,0.00025707240748851077,14502,0.25912805774124814,0.12436452275008046
13,559.5511480362145,0.00027701946536134845,14499,0.30569141253102505,0.13401435781740315
13,660.5712980259218,0.00029368537033012525,14501,0.3608802767712803,0.14207686183286328
13,786.3109681307903,0.00032168103774533733,14500,0.4295737956755694,0.1556203916545865
13,948.747056300331,0.00033911174557055057,14501,0.518315133107956,0.16405288614536773
13,1175.376203445843,0.0003658168669919956,14500,0.6421261276072995,0.17697208549860594
13,1577.640943642815,0.00038140974239246774,14501,0.8618895524055622,0.18451548747794072
13,3619.371138130134,0.0003981385538853058,14501,1.9773182122350266,0.1926084239303908
16,-4167.451728603643,-0.0004453325826438269,11782,-1.8662381896213864,-0.18713167902739664
16,-1874.2439357191324,-0.0004357917051495123,11781,-0.8393104077242217,-0.18312253957861363
16,-1400.3873208607245,-0.00041266130074436315,11781,-0.6271113545273226,-0.17340299157873126
16,-1128.9615351656996,-0.00037983876439047634,11781,-0.5055634159068625,-0.159610746013908
16,-939.0284167712214,-0.00035393097986746166,11782,-0.42050893606999057,-0.14872412462885373
16,-793.3868681670289,-0.0003326786313665906,11781,-0.3552887877152515,-0.1397937480670648
16,-673.1935398787507,-0.00030983166808992154,11780,-0.30146467792419634,-0.13019330389282888
16,-570.1347702286638,-0.00028083180668500026,11781,-0.2553136426581372,-0.11800737147340604
16,-479.9393214032689,-0.00025726370388865703,11782,-0.2149229669911168,-0.1081038997319338
16,-398.99701478296925,-0.0002308323146420539,11780,-0.17867596675976416,-0.09699725619963379
16,-325.22953301005333,-0.00019231457045363137,11781,-0.14564194486769955,-0.08081184686008841
16,-256.0526034605786,-0.0001658980770253408,11782,-0.11466363097869027,-0.0697114626485746
16,-190.1110216460005,-0.0001312146805535333,11780,-0.0851341471884503,-0.05513727142813755
16,-127.24199092373765,-8.897957023111813e-05,11783,-0.05698059107811245,-0.03738980039958706
16,-65.50137568884712,-4.664859626734079e-05,11779,-0.029332353856495127,-0.01960204683868899
16,-4.954917585975084,-6.812523767726514e-06,11782,-0.0022188754729671827,-0.002862667275545643
16,53.61832186886459,3.4383988804622416e-05,11781,0.024010970360684787,0.014448378150256132
16,114.39969241197309,8.626662067077865e-05,11782,0.05122964553969747,0.0362498011582807
16,177.19743314942968,0.00012625476265665914,11780,0.0793512770829744,0.053053081319320766
16,242.60291794825275,0.0001530192606213299,11784,0.10864068977238381,0.06429969932494718
16,310.2096090803807,0.00019611694036228986,11778,0.13891583081330705,0.08240962769405806
16,382.5002341727515,0.0002278124269202627,11781,0.17128849739346402,0.09572827952494709
16,462.0950572539854,0.00026846036752830633,11781,0.20693207726046528,0.11280881140480893
16,550.8151022973685,0.0002938136941192337,11781,0.24666204824212523,0.12346244592156451
16,652.1342491806657,0.0003189792050388301,11781,0.29203405818183564,0.13403715905844896
16,771.9581799304258,0.00033808931772498507,11781,0.3456927470302071,0.14206735404695056
16,919.7154195376124,0.00036155059643135876,11781,0.4118603288777269,0.1519259376035119
16,1109.183709465104,0.0003873637129605772,11781,0.4967066525814972,0.16277277887518646
16,1378.0549256356608,0.0004163294771847435,11781,0.6171106222935993,0.17494438343508711
16,1844.6016835985574,0.00043553995104282043,11781,0.8260362280728745,0.18301675084784616
16,4185.67898700917,0.0004572792555150574,11782,1.8744005890788338,0.19215174951025288
20,-4860.11521539206,-0.0005233959295332717,9424,-1.7398385683989424,-0.18866337438631736
20,-2216.6515118529514,-0.0005083662176728327,9424,-0.7935235322832734,-0.18324576221999228
20,-1662.3311423207701,-0.0004644720223442559,9424,-0.595086269909969,-0.16742365406174572
20,-1336.2058823454074,-0.000433323158295582,9424,-0.4783389747764532,-0.15619572990695937
20,-1109.1911694150367,-0.0004036625629717649,9424,-0.3970715694484066,-0.1455042673174655
20,-934.3394718133818,-0.0003814659880803866,9424,-0.3344776362276594,-0.1375032866400645
20,-789.8464796602583,-0.0003481175529402782,9423,-0.2827516031049878,-0.12548250476343328
20,-666.7087301587078,-0.00032190365801522544,9424,-0.23867038356308384,-0.11603344031087066
20,-561.1394636394847,-0.0002888053090453998,9424,-0.20087838205949093,-0.10410280453227076
20,-466.365053692881,-0.0002555710599555083,9424,-0.16695075557027989,-0.09212318217623611
20,-378.90899310470775,-0.0002198246282749579,9425,-0.13564297365398964,-0.07923801811098159
20,-297.74244488967054,-0.00017739445478103687,9423,-0.10658673017212761,-0.06394363148038944
20,-220.40514555842054,-0.00014250533522070042,9423,-0.07890129264871529,-0.05136749426913833
20,-146.2494295787714,-9.427130756770281e-05,9424,-0.05235480784110698,-0.03398104950757471
20,-74.09538434808184,-4.785953980136738e-05,9424,-0.026524887109849463,-0.017251456815023332
20,-4.31167865173364,-9.062967083769044e-06,9426,-0.001543507608435038,-0.0032668384591770057
20,63.89640699577751,4.2493737447486954e-05,9422,0.022873826719435456,0.015317298902721927
20,134.82404431926471,8.779016262730953e-05,9424,0.048264714283170015,0.031644855041118365
20,208.02633129818494,0.00014122187751861392,9423,0.07446988772794381,0.050904858915489945
20,284.2919776988425,0.00017721959422950357,9424,0.10177169173281782,0.06388060122004954
20,363.4840332439032,0.000224560168818406,9424,0.13012110042826028,0.08094499175761814
20,447.9647751624291,0.0002546196753401833,9424,0.16036376887597764,0.09178024593669273
20,541.1447187588792,0.0002869413915049333,9426,0.19372060353638068,0.10343093653918983
20,644.8838562977494,0.00032647750590758897,9422,0.23085744999857077,0.11768213020051604
20,764.984111555899,0.00035979181464105956,9424,0.2738512982742089,0.12969061086754916
20,907.7544522222108,0.00038227008639098896,9423,0.324960651469793,0.13779313203636298
20,1081.5318133191056,0.0004177753576784712,9424,0.38716999049810197,0.15059136739056475
20,1306.57076303615,0.00044654372806823085,9424,0.46773010620682387,0.16096121844799918
20,1628.9553192898295,0.0004670760060619051,9424,0.5831382930436215,0.16836228641881584
20,2183.450807017557,0.0005123706322257995,9424,0.7816382447518773,0.184689194083664
20,4858.064080967078,0.0005306857983879671,9424,1.7391042971680353,0.19129108159486785
25,-5650.562800374446,-0.0006118015378035798,7539,-1.6118334908894636,-0.18966235474419926
25,-2629.7244993225513,-0.0005762184853441435,7539,-0.7501337777432949,-0.17863138293155606
25,-1963.6879795921511,-0.0005233838803497408,7538,-0.5601456284945546,-0.16225232048069435
25,-1577.3076374414516,-0.000499067280921332,7539,-0.44992992119216746,-0.15471402052231126
25,-1308.1553370094762,-0.0004601768639545816,7538,-0.37315372963166443,-0.14265774474801637
25,-1099.232615687791,-0.00042694954087916864,7539,-0.3135581369215466,-0.13235706397667715
25,-928.7549367704994,-0.00040053449504724834,7538,-0.264929063670687,-0.12416823233178777
25,-781.8610176378206,-0.0003588130310726778,7539,-0.2230273015222564,-0.11123431403991708
25,-657.4168120689139,-0.0003218134475735716,7538,-0.1875293616940671,-0.09976420862601396
25,-544.358337466044,-0.0002784582658917969,7540,-0.15527922268460315,-0.08632382748926709
25,-443.02504876958807,-0.0002351392008645446,7537,-0.12637371464351124,-0.07289464274435473
25,-347.7598103735187,-0.00019583127718640077,7540,-0.09919912917493136,-0.06070893724307901
25,-258.15933840066634,-0.00015529203035915374,7537,-0.07364042880692982,-0.04814151376059591
25,-171.26312274154168,-0.00011041259978861764,7539,-0.048853122554595264,-0.03422860580657986
25,-88.75024902709625,-6.050681180079592e-05,7538,-0.02531617270003162,-0.01875749519264433
25,-7.934689432053836,-1.1030208716674185e-05,7539,-0.002263384837620698,-0.0034194346193292245
25,72.57147615757493,4.1436785938643005e-05,7538,0.020701147812446936,0.012845666296245083
25,155.52742910844742,9.792661579706586e-05,7539,0.044364486838783614,0.03035787162431898
25,241.22253808258282,0.00014905104825211848,7538,0.06880917518748765,0.04620676974771515
25,330.67074699204323,0.0001932291921368135,7539,0.09432444223500927,0.059902274383876054
25,424.57181400385167,0.0002457270155796148,7538,0.12110989529286378,0.07617693241898481
25,525.9192172766142,0.0002927815612706699,7539,0.15001942954295547,0.09076413984775929
25,637.417707829391,0.00033368120936076116,7538,0.1818245802165625,0.1034432900061988
25,759.7637135851438,0.0003653029018180161,7539,0.2167240046669216,0.11324621510830168
25,900.1794380940376,0.00040554747075945645,7538,0.25677784981592966,0.12572228657831064
25,1070.26638118172,0.00042650323548342427,7540,0.3052954649486328,0.13221870647500136
25,1279.8494719820442,0.0004656757747455147,7537,0.3650794292740455,0.1443624419491396
25,1544.237411903829,0.0004951414539595639,7540,0.4404965781861795,0.1534969892795322
25,1924.5807379036974,0.0005475419885737911,7537,0.5489902154646205,0.1697414871610985
25,2582.725237260198,0.0005924119379075829,7539,0.7367271513035053,0.18365145587162512
25,5636.121833104998,0.000621004781172679,7539,1.6077141782637916,0.19251541852519893
32,-6662.924000134863,-0.0007209027915466208,5889,-1.5226183262563764,-0.19120040159179205
32,-3165.279539046965,-0.0006575508014340254,5889,-0.7233329741986693,-0.17439796152191733
32,-2364.3523837356306,-0.0006202922939881519,5888,-0.5403042671852407,-0.16451612770202279
32,-1893.340837365567,-0.0005657272113568631,5889,-0.43266821845244746,-0.15004418247677387
32,-1566.2116572257567,-0.0005369583096396221,5888,-0.3579123177812081,-0.14241399207358477
32,-1315.2724296237425,-0.0004928881974504134,5889,-0.30056742435067924,-0.13072556022454937
32,-1107.7986347826238,-0.000436402234477291,5889,-0.2531552968468012,-0.1157441522852216
32,-933.9699073750298,-0.0004229617995836251,5888,-0.2134317751654389,-0.11217943235436381
32,-784.6479885843455,-0.0003590723255818134,5889,-0.1793085748921264,-0.09523443889633146
32,-649.4559707084337,-0.00031564466452772865,5888,-0.14841435428008334,-0.08371640022163138
32,-527.2089113874299,-0.00028210753945277756,5889,-0.12047832906812786,-0.07482156466577526
32,-412.2857813335492,-0.00021584934465550807,5888,-0.09421597579391343,-0.057248330656227336
32,-305.7340246235548,-0.0001763304952024478,5889,-0.06986665746788051,-0.04676700089239045
32,-203.8519183959251,-0.0001230056542949537,5889,-0.04658445252953094,-0.032623996986888254
32,-104.3108157339468,-6.00326214229851e-05,5888,-0.023837216162160127,-0.01592206530378024
32,-8.436438647215173,-2.8328688188064387e-06,5889,-0.001927903739008185,-0.0007513435405772436
32,86.49085995469365,5.810359691770475e-05,5888,0.019764981323218564,0.015410442565714924
32,185.36478449634268,0.00011540586176304757,5889,0.04235975345223545,0.03060835299000857
32,288.47787788737253,0.00017284705749035705,5889,0.06592326485818717,0.045843111156795395
32,393.0457835517064,0.0002315709577425926,5888,0.08981923147877897,0.06141807277842432
32,503.48309810586255,0.00026718106146005305,5889,0.11505648152685016,0.07086271110046012
32,622.8137166597289,0.00033308286736337416,5888,0.14232603865971682,0.08834142238039065
32,754.1171664644207,0.00036450761790674565,5889,0.17233163964950168,0.09667600645229316
32,905.3496617602655,0.0003996632124537588,5889,0.20689144685400734,0.10600009823610537
32,1076.0974521677151,0.00045031015904523167,5888,0.24591090960593176,0.11943286148968116
32,1278.8253561443846,0.0005060311210714545,5889,0.29223850119067324,0.1342113731578605
32,1526.5027501082175,0.0005484404741216204,5888,0.3488379970037906,0.14545933256309942
32,1849.417658285036,0.0005753413211765602,5889,0.42263084786048155,0.1525940708667605
32,2304.8229657538277,0.0006262311340930271,5888,0.5267005426389852,0.1660912479905786
32,3096.3346994950657,0.0006693654626111201,5889,0.7075776277170941,0.1775314879671196
32,6650.363606215339,0.0007313266427016346,5889,1.5197480119669624,0.1939650524578205
40,-7700.444127366362,-0.0008358398597938189,4711,-1.3813037923281437,-0.19053224065257657
40,-3716.8629958820675,-0.0007676129863626668,4710,-0.6667299790579704,-0.17497971714554522
40,-2779.1889708646518,-0.0006830413647510918,4710,-0.49853024079597374,-0.15570135853119282
40,-2233.424084562878,-0.0006475364377557153,4710,-0.4006310683977176,-0.1476079023321741
40,-1847.4079560057519,-0.0005962373847164008,4710,-0.33138758926112544,-0.13591412701814803
40,-1546.7307242645136,-0.0005270354071722155,4710,-0.27745218065334337,-0.12013932555996515
40,-1302.1875422837736,-0.0004727213736028971,4711,-0.2335860842216412,-0.10775827625538398
40,-1094.2331377905807,-0.000450536020031461,4709,-0.19628327378542937,-0.10270105736817026
40,-917.8901829838993,-0.0004097971664787785,4709,-0.1646509174958542,-0.09341451167636217
40,-760.3339591956322,-0.00037418294918259177,4711,-0.13638852044135238,-0.08529614242055272
40,-616.792365590851,-0.00030789232722451255,4710,-0.11064006433627292,-0.07018499333148995
40,-485.3254651303937,-0.0002570821018000948,4710,-0.0870575637469512,-0.0586026477604557
40,-362.6687451993932,-0.00019705816559009953,4709,-0.06505543119551775,-0.0449200087658296
40,-242.74218359230983,-0.00013763389898546096,4710,-0.04354303377937094,-0.03137406628336557
40,-124.78322096377406,-6.292423402827362e-05,4711,-0.022383583788839475,-0.014343770711905856
40,-10.515483293641154,8.676334377409043e-06,4710,-0.0018862648324464246,0.0019777968353728755
40,102.43852485864362,6.105395557444921e-05,4710,0.01837539764295899,0.013917435044521791
40,218.64578130412235,0.00012210446624318124,4709,0.039220627004955246,0.027834084812297755
40,337.1520370515217,0.00017584890035117698,4712,0.06047825030186974,0.040085292185594305
40,460.64130906626986,0.0002444383291683608,4709,0.08262972584333989,0.05572046129662726
40,591.6227094658448,0.00030809738930719934,4710,0.10612513754997117,0.07023173785752493
40,732.0926265481717,0.0003696478257652255,4710,0.13132259706847807,0.0842623472309336
40,884.8540225691701,0.0004254643353165266,4709,0.15872489908574033,0.09698589050971275
40,1060.670746131861,0.0004576372481610815,4713,0.19026286014291816,0.10431980393914075
40,1263.7113093169849,0.0004929892865205205,4707,0.22668422692192422,0.11237840870814672
40,1499.0926360514438,0.0005522303411180776,4710,0.26890687199067526,0.1258825874558299
40,1791.0411663093353,0.0005883235709910219,4711,0.3212765282520182,0.13411014908680663
40,2168.004886700783,0.000649836450956732,4709,0.3888961886163248,0.1481321973434557
40,2707.2808524544203,0.0007165393008132371,4711,0.48563138002686057,0.16333731503694227
40,3646.799884547218,0.0007761900797222514,4710,0.6541620752087367,0.17693489168877782
40,7660.722301603106,0.0008528354650457151,4710,1.3741785008959275,0.19440644061079496
50,-8880.878138582028,-0.0009626495721880269,3768,-1.311696997926941,-0.19181411446132193
50,-4400.098458893438,-0.0008492331611945853,3767,-0.6498902303410065,-0.169215165613673
50,-3306.9138260023765,-0.0007885108136069768,3768,-0.48842793136929463,-0.15711584757828856
50,-2637.523512465623,-0.0007360527542318196,3767,-0.3895596380534575,-0.14666324208599646
50,-2178.555363357783,-0.0006831137556109289,3767,-0.32177049221286824,-0.1361148063578685
50,-1821.537914336343,-0.000610064092584939,3768,-0.2690393648647197,-0.12155919149047685
50,-1528.8787550589202,-0.0005490698322972627,3767,-0.2258138938415005,-0.10940569310194923
50,-1288.4013293767478,-0.0004946931171667012,3767,-0.19029561373289983,-0.09857078311868589
50,-1081.346895661437,-0.0004298617150270535,3768,-0.15971387678372015,-0.0856527095538296
50,-893.6175307378437,-0.0004012036406995154,3767,-0.1319864335567686,-0.07994240405106065
50,-724.2487788979411,-0.00034842769227308917,3767,-0.10697083488912323,-0.06942645712214636
50,-564.9418838757746,-0.00025904198563192845,3768,-0.0834413626129726,-0.05161578056836832
50,-419.336633438944,-0.00022984078269450793,3767,-0.06193560981464789,-0.045797253199249384
50,-275.3588678075581,-0.00015721710378434545,3767,-0.040670234927174066,-0.031326518404848715
50,-137.6376333659398,-7.610072967199708e-05,3768,-0.02032894356511214,-0.015163559506619101
50,-5.609615436823531,-8.789158857623062e-06,3767,-0.0008285347026708432,-0.0017512963926249589
50,126.4090117088658,6.440562014384295e-05,3768,0.01867048715026114,0.012833233765578945
50,259.6456492113857,0.0001466988895994233,3767,0.03834940793926316,0.0292306966251645
50,396.92125325958773,0.0002106265991546499,3767,0.058624880128929316,0.04196870363430416
50,541.4472190023159,0.0002924046650121445,3769,0.07997122363561963,0.058263508865621635
50,697.1384199492181,0.000344082985721819,3766,0.10296666144018551,0.06856074641723013
50,862.6710893997995,0.0003840955088685676,3767,0.12741567449823749,0.07653349882526594
50,1044.0421472000444,0.0004507572570154164,3768,0.15420400199412632,0.0898162805961739
50,1246.7943524003256,0.0005261923029106253,3767,0.18415030400776242,0.10484719833174264
50,1478.824314945156,0.0005750615566580877,3767,0.2184209020893784,0.11458471123651565
50,1762.0947086590563,0.000629335341328526,3768,0.2602596616397298,0.1253991116640382
50,2113.5165613546737,0.0006666916460536879,3767,0.31216432489416385,0.13284259547935606
50,2558.466135340518,0.0007456696362887397,3767,0.3778829409272502,0.1485794676460768
50,3200.5193827133667,0.000788609198009441,3768,0.47271357636063727,0.15713545130282208
50,4302.558696690514,0.0008806452563023489,3767,0.6354837030512951,0.17547422745772026
50,8793.571279757522,0.0009720957727230674,3768,1.2988018604381137,0.19369633063115257
63,-10260.59452352392,-0.001124064569255859,2989,-1.1800522481570561,-0.19080368518742324
63,-5225.195760215821,-0.0009873369952646113,2989,-0.6009402271736718,-0.16759494282706516
63,-3899.1242014306617,-0.0008975805377106481,2989,-0.4484311575896484,-0.15235928525091524
63,-3124.128163421468,-0.0008162284831988813,2989,-0.3593002778078918,-0.13855022817095664
63,-2577.594806748469,-0.0007262038736926474,2989,-0.29644447400859153,-0.12326905329795133
63,-2166.4875552198637,-0.0007017690530325517,2989,-0.24916377937751807,-0.11912137890596645
63,-1827.3278539405553,-0.0006421081790678647,2989,-0.21015764117944913,-0.10899427862604152
63,-1540.3667292149303,-0.0005439814880715486,2989,-0.17715476599616475,-0.09233782065251123
63,-1282.1063630507967,-0.0005005057129971541,2989,-0.14745271266941634,-0.08495805055081185
63,-1061.8493642270578,-0.00045459880549648355,2989,-0.12212135725542093,-0.07716560929231299
63,-859.8982841788539,-0.0003871620829682659,2989,-0.0988953321472012,-0.06571860212984737
63,-671.7233216964859,-0.00031608796285489716,2989,-0.07725367317558006,-0.05365416703421762
63,-495.8483315990491,-0.00022966537859181175,2989,-0.05702661157761316,-0.03898441583679871
63,-333.4597743022042,-0.00016070309266870013,2989,-0.03835060000013685,-0.027278452804986978
63,-174.08648847364117,-8.313190555348523e-05,2989,-0.020021369290649446,-0.014111176857712456
63,-12.642933675670138,-6.751694476201575e-06,2989,-0.0014540407257172439,-0.0011460624438787018
63,146.93505426705275,9.00178625343967e-05,2989,0.016898732400290276,0.015280029612203032
63,308.0650726259253,0.00018554641516877016,2989,0.03543000171163936,0.03149546810371759
63,471.0104262361886,0.00022583925282207188,2989,0.05417004941683795,0.03833495234793505
63,645.0684471093662,0.0003145315169783279,2989,0.07418814470071813,0.05338996903601829
63,827.4345979710976,0.00036797264303368163,2989,0.09516174285029452,0.06246130183203148
63,1022.0041017586087,0.00044949433248930355,2989,0.11753882634588132,0.07629915349666912
63,1234.7625985195657,0.0004989150310170814,2989,0.14200779272416253,0.08468804116517663
63,1470.924111626427,0.0005603028930845578,2989,0.16916829729638808,0.09510828803409614
63,1751.152928768484,0.0006401253537502974,2989,0.20139690207252786,0.10865770509813003
63,2083.794843020023,0.000699298043139431,2989,0.2396534414810243,0.11870193877179859
63,2492.0608878028397,0.0007700563246369257,2989,0.2866073741101338,0.13071276202565205
63,3033.0781370687373,0.0008439585818370046,2989,0.34882878046473415,0.14325725760278665
63,3784.987314763689,0.0009115379628058104,2989,0.4353044825806889,0.15472848023910654
63,5102.0706968705545,0.0010052332698282185,2989,0.5867798383704739,0.1706327355226598
63,10173.622271858592,0.0011352823275994524,2989,1.1700497282378006,0.19270783703958647
79,-11822.907143074268,-0.0012989427410413192,2383,-1.0855095198315508,-0.19044705256840827
79,-6130.860335177344,-0.0011104003414304428,2383,-0.5628993933603842,-0.16280353668773082
79,-4585.34613170343,-0.0010126889448452436,2383,-0.42099940542987163,-0.14847738750961081
79,-3685.853976250974,-0.0009070504831274441,2382,-0.3384133472005798,-0.13298899603833844
79,-3033.746988630517,-0.0008066472554297307,2383,-0.27854073427683346,-0.11826817873113733
79,-2542.7369577255445,-0.0007703746302848341,2383,-0.23345909264418688,-0.11294999623586709
79,-2141.4510560807266,-0.0006918790408557228,2382,-0.19661539074090273,-0.1014412105334197
79,-1800.0416668129747,-0.0006104715611624637,2383,-0.16526919663439518,-0.08950549229523559
79,-1510.1023353007815,-0.000567770178176549,2383,-0.13864867930127478,-0.08324474478627088
79,-1251.7494980598542,-0.0005132990925005618,2383,-0.11492824735448416,-0.07525835909780194
79,-1012.582874881737,-0.0004131908132264994,2382,-0.09296938028870562,-0.06058078623561694
79,-795.163601240318,-0.00037882709846334044,2383,-0.07300722643969448,-0.05554248240191705
79,-591.6325242320925,-0.00021988733640357925,2383,-0.054320204796001824,-0.03223921562670916
79,-390.7959362005742,-0.0001954550756178426,2382,-0.03588057521924343,-0.028657031510959725
79,-201.28225139445433,-0.00011867519916815682,2383,-0.018480547755109364,-0.01739979845179745
79,-13.829991880470958,1.488766407459196e-06,2383,-0.0012697881886214839,0.00021827842390971316
79,175.35571140762804,6.97679435570051e-05,2383,0.01610012594925263,0.010229164684764215
79,360.9954049150757,0.00019305128942002887,2382,0.033144466408188765,0.028304595655310502
79,550.9636062697851,0.00023117148823362967,2383,0.050586224897902606,0.03389366380896291
79,751.1116604800688,0.0003410369717995066,2383,0.06896263736497459,0.05000180842767831
79,964.8384821640748,0.000405455515254728,2382,0.08858577207911579,0.059446660263073096
79,1193.4553372416312,0.0005162612699112061,2383,0.10957602173408415,0.07569266458273013
79,1445.392567323208,0.00058276298413717,2383,0.13270741051554347,0.08544294461041502
79,1725.1253770487672,0.0006605285717930158,2383,0.15839082528753537,0.09684469966270712
79,2039.5837612624418,0.0007000892246066655,2382,0.18726253725515823,0.10264496282134472
79,2421.276736117392,0.0007963556203322417,2383,0.22230733231646294,0.1167592503476929
79,2929.513440017982,0.0008055182853140109,2383,0.2689706253403853,0.11810265255035719
79,3568.8501765772107,0.0009909386991437707,2382,0.32767074921978334,0.14528843232659522
79,4466.843421237644,0.0009992689885907431,2383,0.4101191863111919,0.1465097941480915
79,5981.085225455284,0.0011582339520466735,2383,0.549147927204926,0.16981675587571676
79,11679.955805829777,0.0013110438968429007,2383,1.0723845721707341,0.19222128739975639
100,-13803.60952288946,-0.0015200556656526042,1882,-1.0001636734252746,-0.1924369334795075
100,-7276.882807770338,-0.0012576597908364891,1882,-0.5272587454778507,-0.15921798061595754
100,-5443.845045812963,-0.0011184451233215305,1881,-0.3944429208570186,-0.14159359730072804
100,-4351.386832687588,-0.00101382252094257,1882,-0.3152870292265541,-0.1283485213279286
100,-3594.191558473414,-0.0009159006224979878,1881,-0.26042317599291237,-0.11595174515521062
100,-3007.2461254954515,-0.0008204635158899606,1882,-0.21789506047544704,-0.10386954017364457
100,-2525.98683485788,-0.0007412674409670809,1882,-0.18302461161234715,-0.09384342721861062
100,-2131.5100285058697,-0.0006874417277200274,1881,-0.1544421331622099,-0.08702916677166622
100,-1781.2642735357188,-0.0006290211636219416,1882,-0.1290644897051363,-0.07963320459658892
100,-1472.7291335796535,-0.0005670633809499754,1881,-0.10670905879791337,-0.07178943546892076
100,-1189.7189730572268,-0.0004779847091377077,1882,-0.08620308307501161,-0.06051219949044713
100,-926.7484927688166,-0.00042062398965089646,1881,-0.06714911598535074,-0.05325041216933537
100,-686.1370323936304,-0.0002566226152469106,1882,-0.04971520917438123,-0.0324880662303937
100,-460.4576346483585,-0.00023427177791802463,1882,-0.03336322999886001,-0.029658481305670874
100,-234.91984447347193,-0.00010076217461919627,1881,-0.017021511237294035,-0.012756351186731008
100,-14.6967923519313,-3.141107252193794e-05,1882,-0.001064880732963472,-0.003976598100984027
100,207.98606303716912,0.00010662633380809296,1881,0.015069978941636399,0.013498745585335132
100,430.2825060952366,0.00021683189547801928,1882,0.031176840462867627,0.027450616440697736
100,661.9251365823762,0.0002486612635109214,1882,0.04796089566565594,0.031480170171687354
100,902.7134918840374,0.00035390025529291846,1881,0.06540761969513485,0.04480328018575903
100,1158.8413609981471,0.0005087120972747657,1882,0.08396579391869352,0.0644022440990381
100,1427.6431388282026,0.0005493312353348535,1881,0.1034422774494647,0.06954457049239957
100,1714.55373769021,0.0006033572675946972,1882,0.12423086597238918,0.07638419104779923
100,2046.165330196527,0.0007707719021835949,1881,0.14825833994298704,0.09757865097966506
100,2429.7280851709525,0.000809637535309407,1882,0.17605002250023435,0.10249898608677432
100,2902.5935645488516,0.000857129690579603,1882,0.21031228369404445,0.10851142690130555
100,3465.5396520290255,0.000952339250518499,1881,0.2511014863921441,0.1205648247909864
100,4199.5353995701225,0.001085716676293068,1882,0.30428437902047484,0.13745022141916133
100,5269.042981707542,0.001124514419669661,1881,0.38177734419983417,0.14236196177842705
100,7103.079394194592,0.001295722186811508,1882,0.5146655277192985,0.1640366270167594
100,13440.465947763687,0.0014968620647776236,1882,0.9738514967821794,0.1895006558617976
126,-15835.198214024647,-0.0017354981917447221,1493,-0.8873070728890047,-0.18669968771808912
126,-8620.66562063894,-0.001446138961148954,1492,-0.4830490578532462,-0.15557128997757289
126,-6447.54744402973,-0.0013006259243949095,1493,-0.36128088657634655,-0.13991743412792815
126,-5188.702270681974,-0.0010980979804045992,1492,-0.2907429488197873,-0.11813008564376483
126,-4288.967255795585,-0.0010559732352795716,1493,-0.2403273347147787,-0.11359843196791727
126,-3570.4861809301383,-0.0009171662003288376,1492,-0.20006807614102853,-0.09866598766941705
126,-3005.3737523387585,-0.0008869022678589213,1493,-0.16840265281702382,-0.09541028462798985
126,-2542.435451248459,-0.0007567498370456688,1492,-0.14246243891399607,-0.08140887667252786
126,-2129.213420421132,-0.0006742199175711729,1493,-0.11930801888899677,-0.07253055558491138
126,-1749.3053796491868,-0.0006583221406733137,1492,-0.09802030988351057,-0.07082032045106877
126,-1405.9706860469141,-0.0005095418774551463,1492,-0.07878194621518184,-0.054814986182456185
126,-1098.40607711197,-0.00041491710255336917,1493,-0.061547917995906656,-0.044635536841286926
126,-802.4492954866903,-0.0002583752142623584,1492,-0.0449643209953337,-0.027795230237826825
126,-528.6092339671214,-0.00017765245553440372,1493,-0.029620008903839007,-0.019111318080533953
126,-274.28501246219395,-0.00016204176359747302,1492,-0.015369244404506743,-0.017431966685325494
126,-16.173706788149197,-3.64928428963378e-05,1493,-0.0009062750105172351,-0.003925790533865173
126,241.07673683481758,0.00011337160382142393,1492,0.013508456971071165,0.012196176942299103
126,502.10015409700196,0.00018533993872790853,1493,0.02813460318004426,0.019938314454481496
126,774.0240605690094,0.0003064485777776626,1492,0.043371545732902715,0.03296681842994271
126,1057.5219485143605,0.00042473203989635145,1493,0.05925702299205166,0.045691398348734084
126,1356.432910794159,0.00047749983452512244,1492,0.07600615409923434,0.05136799935334804
126,1683.321258122378,0.0006368998626019623,1492,0.09432296571782459,0.06851577605848108
126,2034.9087352967979,0.0007495161211161582,1493,0.11402376459761174,0.08063069521921083
126,2430.7598441106193,0.0007663734939445667,1492,0.13620482503740952,0.0824441608037801
126,2877.412043616112,0.0009062046200057587,1493,0.161232466017088,0.09748677375092937
126,3414.3658258994246,0.0009995044504882084,1492,0.1913200520640071,0.10752368954725894
126,4117.197082293642,0.0010890938805989347,1493,0.23070239110500065,0.11716145160548325
126,5008.991922981073,0.0011713911180621088,1492,0.2806730867043181,0.12601474146053604
126,6250.366626161478,0.001296935801842154,1493,0.3502320868096607,0.13952046181673933
126,8297.613896365363,0.0014727575855979257,1492,0.464947226983642,0.15843484172066746
126,15463.243780409919,0.0017344908984070772,1493,0.8664650350895365,0.18659132612343385
158,-18259.09143909836,-0.0019366125837511313,1190,-0.8273740364177649,-0.18074718516122765
158,-10090.546903538614,-0.0016603290957240631,1189,-0.45723285570313027,-0.1549612002996134
158,-7574.4428585596015,-0.0013721902507602035,1189,-0.3432206570849854,-0.128068735797525
158,-6106.844661401728,-0.0013043309083088548,1189,-0.27671939395960043,-0.12173531359533339
158,-5067.494612680615,-0.001153460509695606,1189,-0.22962333510422883,-0.10765433524050029
158,-4254.224966042246,-0.0010834255344733445,1190,-0.19277165535446883,-0.10111785771243377
158,-3590.7245092630633,-0.0009946433224995964,1189,-0.16270646547788367,-0.09283167025228631
158,-3010.1803285513456,-0.0007559950260377959,1189,-0.13640027254838394,-0.07055823869921747
158,-2497.3172202815617,-0.000756203329881582,1189,-0.11316091140961933,-0.07057768003391626
158,-2060.7705907289082,-0.000644573501343473,1189,-0.09337967814386461,-0.06015908756086098
158,-1667.365417132791,-0.0005813236654762449,1190,-0.0755533132608415,-0.054255878064634624
158,-1287.2687770417713,-0.000493926128697448,1189,-0.05832999782973883,-0.04609892458032203
158,-946.8370244212541,-0.0003868395018531576,1189,-0.042904017066682856,-0.03610435647056344
158,-625.0568517633303,-0.0003116326081240655,1189,-0.02832319516877037,-0.029085175422011587
158,-319.44041586433013,-0.0001323438475399229,1189,-0.014474800520616227,-0.012351865374082335
158,-12.14759476082138,3.0934874108056166e-05,1190,-0.000550443845661818,0.0028872018416392924
158,289.24032127035093,6.600306424063054e-05,1189,0.013106343922008342,0.006160172754016725
158,586.8671504702444,0.00020854121625609321,1189,0.02659270559792623,0.01946348905539878
158,912.5819576203003,0.0003268761164011069,1189,0.04135181755109377,0.03050787670784149
158,1240.7827706897006,0.00046622358804131913,1189,0.056223577866799324,0.04351340164846587
158,1589.4598302224133,0.0005084444533583798,1190,0.07202317814341108,0.04745394330618274
158,1960.544087015217,0.0007588106698278131,1189,0.08883811553598647,0.07082102728880546
158,2392.8766280376553,0.000797758523307154,1189,0.10842839584832097,0.07445609345719066
158,2851.0854446373237,0.0008474032220803119,1189,0.12919120758935224,0.07908951350036975
158,3402.5901275439464,0.0010353818144986043,1189,0.15418153403148127,0.09663385961029997
158,4067.751143632688,0.0010529024836582086,1190,0.18432196881623966,0.09826909200489983
158,4860.680324103936,0.001203530358344535,1189,0.22025196121636112,0.11232743520931965
158,5900.64831362307,0.0013349611947774307,1189,0.26737602081722606,0.12459408777987034
158,7354.922972748626,0.0015731497279029372,1189,0.33327355459069163,0.14682460887703658
158,9749.79557581627,0.0016676071609004544,1189,0.4417923940365299,0.15564047389573177
158,17693.46674558846,0.0019880900609801247,1190,0.8017438900696968,0.18555166138244455
199,-21198.120276765505,-0.002286443094988703,944,-0.7262265959550028,-0.17924625450964993
199,-11948.340649814476,-0.001842164087384262,944,-0.40933831132830784,-0.14441689521140166
199,-8967.983983651966,-0.0016387983742427597,944,-0.30723424511205294,-0.12847399138134666
199,-7227.678784256078,-0.001443569341350168,943,-0.24761311340891157,-0.11316896454982991
199,-5980.588455670202,-0.0012862663947036973,944,-0.20488903446451578,-0.10083716234075264
199,-5018.581948971116,-0.0011777460296884487,944,-0.17193164477499742,-0.09232968231221535
199,-4228.458400396959,-0.0010743303873628819,943,-0.14486279491599235,-0.084222388242577
199,-3552.559242437121,-0.0010035156821441434,944,-0.12170715949712761,-0.07867085245212405
199,-2969.9250643428422,-0.0008780866492844653,944,-0.10174668987434599,-0.06883781335478487
199,-2424.0208249423285,-0.0006399848474061097,944,-0.08304455155636621,-0.050171765521696395
199,-1942.8685069059381,-0.0006300245556912176,943,-0.06656074990314041,-0.04939092606514883
199,-1513.1989687766393,-0.0004439201389212659,944,-0.051840697276435956,-0.034801225701807166
199,-1129.467376035255,-0.0004362722288474403,944,-0.038694433139874106,-0.03420166595830669
199,-730.7788067167071,-0.000245918721682363,943,-0.025035757806300702,-0.019278857134899477
199,-366.4391924068477,-6.239409318721923e-05,944,-0.012553843635740079,-0.004891399891756488
199,-0.47120369706937537,2.9986995738879036e-05,944,-1.6142971756754236e-05,0.002350837719063136
199,361.44740172169196,0.0001273097244220366,944,0.012382829833116551,0.009980476363186514
199,726.7520936383058,0.00015318165240294792,943,0.02489780660621151,0.012008712358950352
199,1092.1007901988476,0.0003533078141133478,944,0.03741429093480425,0.02769765077801865
199,1486.0053128361608,0.000512331955681492,944,0.050909069569479735,0.040164386475564195
199,1865.7697248240254,0.0006585555814609076,943,0.06391942202441364,0.051627622669470186
199,2310.5635470263146,0.0007074259516920149,944,0.07915761763715554,0.055458827058341785
199,2807.318801985167,0.0009259917561356765,944,0.09617596044875565,0.07259334568960844
199,3375.216692520003,0.0009855886899050093,944,0.1156315794615972,0.07726546159829908
199,4015.2189678642185,0.001071444285661468,943,0.13755742325144124,0.08399613160787386
199,4796.879666862334,0.0012825539752266658,944,0.16433634426961302,0.10054612632595522
199,5744.506050622921,0.0013389231376882678,944,0.19680108519618955,0.10496520032925467
199,6982.130406459958,0.0015063132804225372,943,0.23920086929382353,0.11808779069361348
199,8679.225381261866,0.0016577128975854161,944,0.2973416615183871,0.12995679997275106
199,11498.66045604195,0.0018795250667023758,944,0.39393271346736214,0.14734581814075953
199,20357.432888878615,0.0022837388413830192,944,0.6974254790636821,0.17903425390000194
251,-24549.71752794685,-0.00261300951589408,748,-0.6906043449778676,-0.17966031121824572
251,-14053.995491657077,-0.002096731803743569,747,-0.3953507953722453,-0.14416307560704386
251,-10670.600209539993,-0.001716994635417561,747,-0.300173020721773,-0.11805383359027981
251,-8598.322347596739,-0.0016329545141881155,748,-0.24187808947336667,-0.11227556365170478
251,-7076.623882981636,-0.0013247411243222326,747,-0.19907142295213162,-0.09108401681342697
251,-5963.506377873876,-0.0012516442799118063,747,-0.1677584848450742,-0.08605816377463489
251,-5037.60867508177,-0.0011424142771305054,748,-0.14171219833178364,-0.07854793613302463
251,-4240.68090639863,-0.0010121255549482386,747,-0.11929394528835965,-0.06958979333518475
251,-3521.2227578561265,-0.000985788343023302,747,-0.09905497826775872,-0.06777894968449259
251,-2883.8280425299836,-0.000901974887092472,747,-0.08112452512225651,-0.06201626436504884
251,-2335.338501510103,-0.0007138628837151106,748,-0.06569504982291588,-0.04908241897907039
251,-1833.5183018087114,-0.000495647035260053,747,-0.051578422618675054,-0.03407875098332843
251,-1368.5499742551413,-0.0005833239766149484,747,-0.038498469787444124,-0.0401070744450953
251,-929.4856716603833,-0.00029433619207579073,748,-0.02614721911617109,-0.020237405011147097
251,-480.12936701693735,-0.0002505849084770962,747,-0.013506445711072136,-0.017229237922689464
251,-50.31654582584807,-2.5927959759684597e-05,747,-0.0014154470466738109,-0.0017827050729607484
251,402.1716001188716,6.0732559762975725e-05,747,0.01131342770655587,0.004175733200253382
251,832.5238407210525,0.0002188160591811171,748,0.02341960069581725,0.015044936137011423
251,1287.4443723338072,0.0003602071358526397,747,0.03621690051785249,0.024766433392866917
251,1759.5077812982533,0.0005784045687910395,747,0.04949644399792672,0.03976883520973204
251,2257.3179474241733,0.0006443784301553404,748,0.06350026556163114,0.04430493980211201
251,2792.0917688869918,0.0008596600162503281,747,0.07854390605412229,0.05910685939793443
251,3374.2133135067584,0.0011120492488266803,747,0.09491947809734408,0.07646015558648138
251,4035.4437844012323,0.001153054974686166,747,0.11352045123325273,0.07927954886646509
251,4765.073609255314,0.0012351618514930395,748,0.13404555612279198,0.08492489648213715
251,5678.991271360694,0.0013933002590177288,747,0.1597548339457851,0.09579787468547987
251,6765.966866702242,0.0015702073486348201,747,0.1903323779917902,0.10796131403921894
251,8241.535238512179,0.0017434821898617457,748,0.2318413659352895,0.11987501420439792
251,10290.124160382762,0.001841947293608007,747,0.2894699072375189,0.1266450895047694
251,13545.752510067312,0.002183121387785282,747,0.3810534898740931,0.15010288541659145
251,23587.1105350612,0.0025617506967099044,748,0.6635253950455053,0.17613595535528678
316,-28380.245823307625,-0.002879803271088143,593,-0.6587567863584688,-0.17208962837423483
316,-16595.513851270447,-0.002409566806219287,593,-0.38521186323382733,-0.1439895080293064
316,-12710.834549949877,-0.0018676528886741144,593,-0.2950414373501466,-0.1116061276722389
316,-10295.061421736338,-0.001773619245419261,592,-0.23896697793844782,-0.10598691927530957
316,-8444.4856644624,-0.0016487079940687842,593,-0.19601177077200793,-0.09852254452427253
316,-7041.91001512818,-0.0016162005735219113,593,-0.16345545561066274,-0.09657998477462597
316,-5951.377947331315,-0.0013907266511283417,592,-0.13814223581421098,-0.08310624373740258
316,-5002.590492686307,-0.0012639338533770464,593,-0.11611916461001895,-0.07552943261818149
316,-4158.47739104738,-0.0009911412706217566,593,-0.09652577427715354,-0.05922805027692618
316,-3416.539933512643,-0.0009408047517425593,593,-0.07930406526703783,-0.05622006951846951
316,-2760.5083912328987,-0.0007202955987539532,592,-0.06407638777500309,-0.04304301031727345
316,-2143.864989246841,-0.0005315859211021045,593,-0.049762980190355695,-0.031766205882831126
316,-1568.3179634555659,-0.0005637266797944636,593,-0.03640349375500363,-0.03368685486415689
316,-1034.6464436728893,-0.000381013413270483,592,-0.024016013479749878,-0.02276838051876402
316,-542.4730606833618,-9.918415775091432e-05,593,-0.012591779943228314,-0.005926989881332038
316,-20.122726817820993,-3.348801028311698e-05,593,-0.00046708484957485804,-0.002001157267397856
316,498.6932006812361,-2.390943007052328e-05,593,0.011575570285927228,-0.0014287659774486626
316,1015.3518945090425,0.0003792802286531233,592,0.023568152129973527,0.02266480986874782
316,1542.4957739783551,0.0003328299922801489,593,0.035804114078638156,0.019889063346208415
316,2078.2646329790177,0.0007020034024042454,593,0.04824027738686302,0.041949915763359595
316,2630.540836634525,0.0006786848424289434,592,0.06105960599195808,0.04055645866139035
316,3235.2487399638107,0.0008919006531879998,593,0.07509596908630499,0.053297686510323565
316,3937.2817552493325,0.001139044022227599,593,0.09139142388772985,0.06806633788320383
316,4688.080649238775,0.0013000871179872093,593,0.10881882284985533,0.07768985862149227
316,5551.586765929388,0.001376129794876512,592,0.12886236010367372,0.08223397319273432
316,6655.428899684049,0.0016063142526094984,593,0.15448453058121422,0.09598920369284648
316,8014.134413200318,0.0017548322569791467,593,0.18602254062045195,0.10486425722009608
316,9760.658059265706,0.0019095415558289905,592,0.2265625102720263,0.11410928656373182
316,12266.40950160468,0.002217703416776962,593,0.28472552893808306,0.13252424589864878
316,15956.309774674677,0.002513116379186673,593,0.3703747816261816,0.1501773638836179
316,27283.09682378185,0.002943832044002261,593,0.6332899756203307,0.1759158229781063
398,-32724.959754259264,-0.0034642113547324782,470,-0.5222890146210922,-0.16480369466608713
398,-19562.89378029875,-0.0026102120302412928,470,-0.31222298185773895,-0.12417619550203605
398,-14960.990151414624,-0.0021044902795751886,470,-0.23877678880632378,-0.10011738255780912
398,-12090.586004254577,-0.0019590488515284885,470,-0.19296525642118786,-0.09319826526236365
398,-10007.08543350982,-0.0018641264461374432,470,-0.15971267282052717,-0.08868250062991258
398,-8429.195268985999,-0.00169606475409467,470,-0.13452961055252247,-0.08068726450130688
398,-7140.845552173842,-0.0015278688192655494,470,-0.11396760194703882,-0.07268564201086965
398,-6030.776682423668,-0.0013861335332856731,470,-0.0962509483438848,-0.06594283783348368
398,-5048.770932601525,-0.0012126450851873737,470,-0.08057817687897567,-0.057689433436137534
398,-4184.596196426163,-0.0011581948854730935,470,-0.06678598355599603,-0.055099062015536764
398,-3356.0136066266296,-0.0008809316440834997,470,-0.05356183942844624,-0.04190875637391435
398,-2598.2809073111957,-0.0006742196351671402,470,-0.041468456645290044,-0.03207480015333728
398,-1901.8268545388657,-0.0004917598983520494,470,-0.03035307854604019,-0.023394602649264667
398,-1249.811995654463,-0.00021692952483946855,470,-0.019946948157423816,-0.01032003637043213
398,-665.5721289823941,-0.00018894224652845484,470,-0.010622503862979788,-0.00898859137559887
398,-49.27278510480885,0.00010338512190371398,469,-0.0007863916280807035,0.0049183633209791975
398,561.7425783807807,0.00014949650747690096,470,0.008965388496620647,0.007112030488039382
398,1182.4512183672125,0.00028098632379544656,470,0.018871872916456103,0.013367424666185571
398,1805.6061935960192,0.00046894497051060423,470,0.028817400746360432,0.022309223029838794
398,2513.33885628249,0.0005558714231822634,470,0.04011278499695736,0.026444594431163843
398,3198.329122428403,0.0009853453628174407,470,0.05104520153213201,0.04687605335989977
398,3915.6217836474975,0.000966271633811727,470,0.062493162966960114,0.045968654621971416
398,4733.351911624985,0.0011581287907937885,470,0.07554410224922323,0.055095917678707446
398,5708.945917308567,0.0013282283861498403,470,0.0911145425408237,0.06318810343336344
398,6782.36845890172,0.001610972369076237,470,0.10824632225058446,0.07663914560699367
398,8041.471650727722,0.0017853290008008527,470,0.12834155751758836,0.0849338522964387
398,9590.580129475036,0.001981250585643668,470,0.15306526526182201,0.09425447328072754
398,11536.146190278725,0.002259289798538571,470,0.18411641974475895,0.10748169438677618
398,14180.108337380301,0.0023520162900582797,470,0.22631394710231115,0.11189299232187337
398,18515.20800310777,0.0026540655504338688,470,0.2955019598515808,0.12626244873885928
398,31591.215458951265,0.0035537508576274457,470,0.5041945021976926,0.1690633772849021
500,-37985.8521327276,-0.0038020229093307448,374,-0.5112440199469637,-0.1609699378354355
500,-23433.75964729012,-0.0028910044080135296,373,-0.31539030486115055,-0.12239926242891162
500,-17958.917773842906,-0.0026310392604412774,373,-0.24170549826065327,-0.11139286540237416
500,-14602.887941543218,-0.002379157623997463,373,-0.19653736101492905,-0.10072870784016061
500,-12036.248476520863,-0.0021077992191484525,373,-0.16199347153556115,-0.08923994341097492
500,-10037.516896086372,-0.0016855104375597197,373,-0.13509294119058338,-0.0713610929826629
500,-8550.624111958681,-0.0015452596575905577,373,-0.11508114728554063,-0.0654231594479643
500,-7227.03046539938,-0.001757908043024296,373,-0.0972671639561992,-0.07442626074440019
500,-5991.410177417065,-0.0011725627848022263,373,-0.08063719654230922,-0.04964392984443746
500,-4882.577157807046,-0.00107633016314648,373,-0.06571363372701189,-0.04556963584487995
500,-3916.122801349606,-0.0010466851113450795,373,-0.052706316988028974,-0.04431452448458578
500,-3062.891607171151,-0.0008023128402728944,373,-0.04122284824467241,-0.033968298219968635
500,-2274.254457845989,-0.0004737253736008292,373,-0.030608737888750303,-0.020056571398465586
500,-1541.2741771209346,-0.0006191249647385608,373,-0.02074370224468029,-0.026212495154027144
500,-779.2892675535333,-0.0002305367069376578,373,-0.010488299076548462,-0.00976045654366481
500,47.32276334705235,3.269845157283354e-05,374,0.0006369076487743556,0.001384386113002281
500,749.7654737803061,0.00017841205366044905,373,0.010090944215060299,0.007553604455232006
500,1499.2506257537725,0.00042882093612459397,373,0.020178115634741235,0.018155408601327905
500,2284.963305905496,0.00034477135592136856,373,0.030752866142390995,0.014596919864396759
500,3053.7806465139083,0.001025328163614116,373,0.04110022563940053,0.043410314638776884
500,3786.5708420351602,0.0010069337365326248,373,0.05096270296456316,0.042631531907994416
500,4649.145756362589,0.0011322775970850146,373,0.06257192697684273,0.04793833671226196
500,5625.536635073211,0.0013693620842034947,373,0.07571297739022786,0.05797601298705475
500,6801.734078298861,0.0016272315179625728,373,0.09154318456907215,0.06889368174175578
500,8164.549385666201,0.0015934794131289322,373,0.10988504442124196,0.0674646860869551
500,9741.314830953452,0.002135686716440281,373,0.13110641657699765,0.09042064347841396
500,11607.962317496638,0.002102796011518234,373,0.15622925340344926,0.08902811774857884
500,13810.38394155373,0.0023424221736902664,373,0.1858712074858998,0.09917340338952356
500,16974.318575900656,0.002894514033505342,373,0.22845397371320572,0.12254785285319766
500,21806.95355633149,0.0029882626384330497,373,0.2934954456196139,0.1265169786231495
500,35455.74997162405,0.00393410143547688,374,0.47719187876557273,0.16656187472012982
630,-44471.89567487877,-0.004377040916301009,296,-0.49824973926256827,-0.15912349282878943
630,-28004.8043112599,-0.0034947064734429166,295,-0.31375740193747725,-0.12704699615546744
630,-21492.77248201946,-0.00305536288904079,296,-0.24079855654197027,-0.11107504454733248
630,-17232.257795234626,-0.002629814551235377,295,-0.19306503181583606,-0.09560460705909718
630,-14278.603839176643,-0.00235957860452817,295,-0.15997318153275827,-0.0857804156589663
630,-11840.06418534582,-0.0021282790767510997,296,-0.1326525169138005,-0.07737172370169744
630,-9867.272634838917,-0.0020062717735327223,295,-0.11054995391883679,-0.07293625494324311
630,-8430.353366556687,-0.0015045745506075687,296,-0.09445114275060941,-0.054697491362796787
630,-7090.614403644827,-0.0015970662617725516,295,-0.0794411104859446,-0.058059946596759116
630,-5817.619882440383,-0.0013063192292063572,295,-0.06517886286534053,-0.04749009261635895
630,-4699.1736143840235,-0.000808999391382936,296,-0.052648127375396904,-0.02941046504130162
630,-3692.827478291803,-0.000983506842320694,295,-0.04137332803737186,-0.03575453073519312
630,-2707.214798485696,-0.0006544948296601043,296,-0.030330820105678828,-0.02379358688333022
630,-1799.820472395509,-0.0005889456628702239,295,-0.020164647076132074,-0.02141060427679857
630,-866.6206616294517,-0.00022093478668242197,295,-0.009709357160152265,-0.008031890863382742
630,94.78820312342427,9.663054120376644e-05,296,0.00106197850967913,0.003512918778761115
630,967.3148185056938,0.0001991155738603961,295,0.010837504198804188,0.0072386724719153
630,1838.0453046958353,0.0003132263717885483,295,0.020592906596846667,0.011387070689575247
630,2766.5626299090827,0.000449834563272177,296,0.03099573535347216,0.016353341965894334
630,3669.9439374376634,0.0011173333150840163,295,0.04111694773041724,0.04061967506129479
630,4718.785805542652,0.0009414678209654374,296,0.05286785646458602,0.03422623889578175
630,5726.654130092188,0.001505714740808387,295,0.064159709944119,0.054738941979940364
630,6821.875306551285,0.0015833863068307735,295,0.0764302384953415,0.05756262380410042
630,8070.521569417302,0.0019255468409441299,296,0.09041969555497402,0.0700015706491057
630,9546.549424151155,0.001793709340322747,295,0.10695666755953957,0.06520873366497698
630,11319.498125804814,0.0025334343870471836,296,0.1268202514009597,0.09210079051767035
630,13507.846473397796,0.002692564088363345,295,0.1513378478977465,0.09788581157880047
630,16187.946125860108,0.002598160709451997,295,0.18136487806528134,0.09445385933652896
630,19918.792646292397,0.003207365227267605,296,0.22316416001233128,0.11660095655942172
630,25625.14256274079,0.003570491484776696,295,0.2870963876555403,0.12980209393456052
630,41549.92814307718,0.004411283692745193,296,0.4655128941436357,0.1603683590057679
793,-51288.94277977688,-0.00506989141339402,234,-0.45533572738069505,-0.15920746522463938
793,-32824.86484069618,-0.003933983129295988,234,-0.2914143458286433,-0.12353706049740062
793,-25178.523014323124,-0.0035899487923799728,234,-0.2235312422079967,-0.11273350865289063
793,-20439.85232598359,-0.002526803949451564,233,-0.18146201738584983,-0.0793480607590533
793,-16982.341835969422,-0.0025717357090980103,234,-0.1507667452946158,-0.0807590321148687
793,-14197.030104398846,-0.0024259481264332847,234,-0.12603915539824653,-0.07618093179580479
793,-11991.259056395475,-0.0021562528437802635,234,-0.10645664286936844,-0.0677118150370524
793,-10180.490363463374,-0.001339723232665166,233,-0.09038090343651099,-0.04207071169447237
793,-8502.10013057895,-0.0018148823828016305,234,-0.07548040059712671,-0.05699191566181287
793,-6970.9259173715855,-0.0016340820928979483,234,-0.06188686003398914,-0.05131432742167828
793,-5690.3396718385,-0.0015497922573450517,234,-0.050518002771962785,-0.048667412533693596
793,-4401.495939832137,-0.0011128215345054674,233,-0.03907583675358731,-0.034945422161892725
793,-3236.1994804171654,-0.0003419626752918002,234,-0.028730505338975282,-0.010738496408584272
793,-2160.2041229615247,-0.0007104724522617703,234,-0.019177976037503756,-0.022310639225467613
793,-1062.9796587364224,-0.00027575777857841296,234,-0.009436977833211976,-0.008659494526344498
793,17.320708334829668,0.00017245333499672723,233,0.0001537707135483841,0.0054154726592032295
793,997.4105838930818,0.00020294235517683131,234,0.008854865183402321,0.006372905318852188
793,2107.7582872750377,0.00034853125588648243,234,0.018712369584219422,0.010944766519979622
793,3221.24936204231,0.0009014155657291833,234,0.02859778037613346,0.02830673788291334
793,4300.214149705368,0.001026121098425925,233,0.038176671844382455,0.03222280829572036
793,5476.562132112787,0.0013226462624837782,234,0.04862011706262732,0.04153445146430002
793,6841.070903879312,0.0016160753291701525,234,0.06073402622970476,0.050748869312964635
793,8281.565557314063,0.001929339547558341,234,0.07352252693298574,0.060586161295865984
793,9989.538363725951,0.0019791318337803415,233,0.08868565953045955,0.062149765529321846
793,11684.260902629163,0.0024514880046278813,234,0.10373115819229235,0.07698294882890447
793,13721.475324052673,0.002739657185997467,234,0.1218172496602388,0.08603219292129377
793,16126.96965709553,0.0026563828253611923,234,0.14317287628232012,0.08341716652446049
793,19262.99016024291,0.003220669744473736,233,0.17101400732322783,0.10113720877506699
793,23539.181689490015,0.0032807446715826774,234,0.2089774098591178,0.1030237140448449
793,30159.353057448578,0.0038754609247004116,234,0.2677503223396385,0.12169931465763674
793,47550.85237070175,0.004958405968835146,234,0.42214950783354244,0.15570653915139668
998,-59647.68768299496,-0.005640878133943781,185,-0.39521968093357496,-0.14669935936474562
998,-38732.92333406381,-0.004638919008463392,185,-0.2566405203009655,-0.12064193384917808
998,-30380.34132750458,-0.0038636754315643,184,-0.2012971377854858,-0.10048058070836509
998,-24413.625421621153,-0.003186156023805292,185,-0.16176226815102004,-0.0828606887845629
998,-20307.46998459528,-0.002763938567687095,184,-0.13455528822063648,-0.07188030082822039
998,-17025.772478490802,-0.0023870666891752175,185,-0.1128110850224146,-0.062079191527951355
998,-14211.999787780584,-0.002306843774303993,184,-0.09416730538501655,-0.059992876252469025
998,-12000.933940938445,-0.0022370641108595797,185,-0.0795170017025621,-0.058178153140054235
998,-10092.94412907737,-0.0013649547515122297,184,-0.06687484986130596,-0.03549766239475815
998,-8389.718278941264,-0.0013312438497800343,185,-0.05558944378444109,-0.034620960652530744
998,-6784.8668344182215,-0.0010301354469379321,185,-0.04495585679241746,-0.026790192331110674
998,-5261.532130972731,-0.0014091283996547524,184,-0.03486239166682117,-0.036646463295865565
998,-3850.422495537967,-0.0012645089667259173,185,-0.025512518745631374,-0.032885421546941955
998,-2526.1367022994527,-0.00046478246727187994,184,-0.016737932018142793,-0.012087353878904094
998,-1226.4170414523758,-0.0004528785414557035,185,-0.008126118054908135,-0.011777774723018726
998,-12.67687306687764,-0.00014260781799459225,184,-8.39957075176807e-05,-0.0037087267342867628
998,1215.8986378218017,0.00048009433669769433,185,0.00805642415245714,0.012485561637005961
998,2379.3468933713825,0.0004213019457018521,184,0.01576531725800027,0.010956578757068841
998,3738.685116224071,0.000676705579977145,185,0.024772157918309955,0.017598727131477716
998,5176.552410524936,0.0015648255499479294,184,0.034299324441488026,0.04069559743075898
998,6565.630036619256,0.0010657571380902466,185,0.043503215447198845,0.027716586971705374
998,8075.688153846154,0.0013069170568749482,185,0.05350871122523071,0.033988306507230164
998,9657.73788986555,0.0017934892202194424,184,0.06399121635122385,0.04664233358465099
998,11522.604320870372,0.002657244448416149,185,0.07634763693474265,0.06910556282229745
998,13886.48862933376,0.0026952546212703366,184,0.09201050063400273,0.07009407345391325
998,16290.83864950031,0.0027816550618240113,185,0.1079414861379683,0.07234104440011845
998,18995.93507379093,0.0036184258734707642,184,0.1258651875794156,0.09410250406807878
998,22724.71121392723,0.003750245443196893,185,0.1505716896019161,0.09753066648736501
998,27567.91967116599,0.003954137801797348,184,0.1826623099682509,0.10283318812953028
998,35342.31917876871,0.004193650024055047,185,0.2341747124133311,0.10906205688558435
998,55693.75393882779,0.005597508911725288,185,0.3690213068891818,0.14557147874677667
1257,-68800.28258993402,-0.006874108560788271,147,-0.34507533455981004,-0.1459261826027411
1257,-44405.904520131626,-0.0049277040533009814,146,-0.22272266598156856,-0.10460716980760158
1257,-35794.423468856345,-0.003926746361797597,146,-0.17953084186456922,-0.08335846045477878
1257,-29159.82824343939,-0.003562736372569756,146,-0.14625430460490055,-0.07563111840197993
1257,-25105.87748512107,-0.0033014827034550014,146,-0.12592127163534755,-0.07008512646895407
1257,-21517.834167821657,-0.003051945460536239,146,-0.1079250483420244,-0.06478785527308395
1257,-18173.397707858116,-0.0030029170911568155,146,-0.09115066185854802,-0.06374706246053112
1257,-15143.879276754678,-0.00267156581498866,146,-0.07595578115727193,-0.05671301194995542
1257,-12506.71962179873,-0.0023024557029970778,146,-0.06272881876751715,-0.04887740255759731
1257,-10264.816039024407,-0.00181845844585418,146,-0.051484306394106165,-0.03860292529258285
1257,-8143.206695591465,-0.0018066117251999672,147,-0.040843142921654745,-0.038351438615271474
1257,-6232.539629036858,-0.0010600297318433892,146,-0.03125998348678048,-0.022502713020228306
1257,-4552.196554542855,-0.0010089755641024248,146,-0.022832039199657546,-0.021418915792047112
1257,-2867.203190829152,-0.0002621002469262423,146,-0.014380770878855096,-0.00556396340775806
1257,-1294.8019129381512,5.467035888444975e-05,146,-0.0064942204664895555,0.0011605631047256497
1257,146.83760604593314,0.0006132283226357742,146,0.0007364800568373734,0.013017843316669851
1257,1707.8105434245467,0.0006829396248321346,146,0.008565710378684093,0.014497701268260658
1257,3047.913066260133,0.0010979867553190597,146,0.015287141003732038,0.023308479104628355
1257,4561.457324974599,0.000407396373003884,146,0.022878487605604694,0.008648364656004492
1257,6231.859284635035,0.0005305058875888167,146,0.031256571145097604,0.01126178010421726
1257,7927.366112447871,0.0017889251381396473,147,0.03976057089380733,0.03797598103991314
1257,9672.868265978506,0.002027541635531453,146,0.048515327661224704,0.043041422509523884
1257,11596.125440823102,0.0020747533714631926,146,0.058161634159842976,0.044043651138537185
1257,13795.50183293224,0.0029550972923948573,146,0.0691928467618832,0.06273192564323249
1257,16292.647500749432,0.0029584619281282634,146,0.08171755370098915,0.06280335140616347
1257,19108.422894417214,0.0032597641180813187,146,0.09584038284409722,0.06919950852252031
1257,22489.322113763406,0.0035402340424449995,146,0.1127976522812373,0.07515343040713166
1257,26757.331733485164,0.0035765359544631076,146,0.13420432085857614,0.0759240611580338
1257,33088.43189800693,0.004996968275047798,146,0.16595864547996445,0.10607753696591479
1257,41587.704840068734,0.00522284346605781,146,0.20858767756516436,0.11087250115323864
1257,65003.992623223996,0.006321071966246789,147,0.3260346274430027,0.13418611210961465
1582,-82716.71183347177,-0.007715841351309649,116,-0.34855834987181916,-0.14204810641921922
1582,-54337.58984641825,-0.006317741187647656,115,-0.22897211740004345,-0.11630917895943187
1582,-42293.17262180594,-0.005042015268791729,115,-0.17821838094312878,-0.09282315289532099
1582,-34545.81994813056,-0.0049966111670243195,115,-0.14557196156843374,-0.0919872665174043
1582,-28946.905027710498,-0.003764507960769368,115,-0.12197880242952538,-0.06930433157967934
1582,-24728.59381635239,-0.002342241563511247,115,-0.10420334251959941,-0.04312050542831486
1582,-20658.876652253,-0.0025885982947385223,116,-0.08705404018732892,-0.04765591583673691
1582,-17637.834700657015,-0.003228798925601757,115,-0.07432373002144863,-0.05944196523847537
1582,-15107.766416824714,-0.0021020328990686483,115,-0.06366232428458814,-0.03869828050481132
1582,-12431.481228827995,-0.0026065201219736722,115,-0.05238477796731482,-0.04798585543844908
1582,-10117.997615120514,-0.0016778415495250821,115,-0.042636034176908665,-0.030888947054500137
1582,-8131.66327668645,-0.0016954912241581425,115,-0.03426585838108909,-0.031213876345602784
1582,-5787.882114261375,-0.000774439856006628,116,-0.024389444336968952,-0.014257384266025911
1582,-3808.819569104558,-0.0013075228144131062,115,-0.016049911009994467,-0.024071404715415103
1582,-1828.648412453261,0.0006187814418447416,115,-0.007705706126515861,0.011391723611123833
1582,231.03091393387473,-0.00025484247255804974,115,0.0009735366934349493,-0.004691632320293678
1582,2048.2732698208883,0.001689204077069747,115,0.008631179059107902,0.031098130401897746
1582,4016.086489931522,0.0010779367287303688,115,0.016923309073156177,0.019844740733282032
1582,5931.148210044445,0.0014367033931360054,116,0.02499315056309722,0.026449610248452934
1582,7908.842184834557,0.0009214696960330818,115,0.033326916897911014,0.016964193466986674
1582,9965.916718167666,0.0018985842326740532,115,0.04199518343086317,0.03495280460671468
1582,11844.32760957375,0.0020845148879982526,115,0.049910582703598945,0.038375775130804604
1582,13979.890902718593,0.002459651869625993,115,0.05890959150128887,0.04528202105549526
1582,16508.802169118455,0.0023493793525400496,115,0.06956612170480085,0.0432519116313972
1582,19629.13602550146,0.003948883951113457,116,0.08271483610509836,0.07269868082885109
1582,22997.901145823704,0.0042630016859801735,115,0.09691041019669458,0.07848156663467935
1582,26939.95609268188,0.004405221203942295,115,0.11352175918439596,0.08109981813863809
1582,32301.297336370993,0.0040272381114976425,115,0.13611381120844424,0.07414117551036137
1582,39059.540086839675,0.0058284232679500616,115,0.1645922394356084,0.10730086985024612
1582,49781.724801343764,0.00562061353172841,115,0.2097742459282319,0.1034751069578102
1582,75169.87302152376,0.006994804508376023,116,0.31675687197534474,0.12877386793583867
1991,-95553.46009765741,-0.008656489637933642,91,-0.3254965828976716,-0.13845558685723056
1991,-64460.10717467741,-0.0060053636540620126,90,-0.21957911934462293,-0.09605234728990181
1991,-49918.76027113802,-0.0057298406055924424,91,-0.17004497664592488,-0.09164551415498066
1991,-41027.65866723143,-0.0047671531819591965,90,-0.13975802327647227,-0.07624788096021219
1991,-34174.82436760526,-0.003940023600451786,91,-0.11641429354222102,-0.06301841770148635
1991,-29576.956748526092,-0.0036032060332522203,90,-0.10075195962886425,-0.05763121389475107
1991,-25302.141051292518,-0.003332875983982526,91,-0.0861900808591705,-0.05330743980360412
1991,-21444.62724484535,-0.003259025664080243,90,-0.07304971355906552,-0.05212624629337824
1991,-18215.37064112613,-0.002084107008667738,91,-0.0620494631365681,-0.03333409627083423
1991,-15326.983238268413,-0.002063421587875869,90,-0.05221036124790802,-0.0330032448293242
1991,-12439.363423284445,-0.00219831440854751,91,-0.0423738740969008,-0.0351607781286279
1991,-9896.960456422075,-0.0013670763303217765,90,-0.03371334545443365,-0.02186560182130743
1991,-7317.659999416714,-0.0016672157937169954,91,-0.02492712793636985,-0.026666160394299497
1991,-4798.652419272493,-0.001087453497234028,90,-0.016346294141420987,-0.017393194982836677
1991,-2019.6268634281187,-0.0012578683317161351,91,-0.0068797261983222675,-0.020118882519503122
1991,388.4181112335722,0.00012990010150093983,90,0.0013231207725275767,0.002077677619726195
1991,2415.6845278819387,0.000748682892624678,91,0.00822887060689101,0.011974753462890168
1991,4386.01250395296,0.0013688102815417164,90,0.01494066338491649,0.02189333537656828
1991,6891.907603317032,0.0012484809705629511,91,0.023476830375723592,0.019968737061948447
1991,9100.37836974681,0.0005029934413542886,90,0.030999840920476408,0.008045091604207136
1991,11598.934508161645,0.002697580726611915,91,0.039511008223061285,0.0431462565334928
1991,14197.18345617334,0.001089627331807049,90,0.04836177253061157,0.01742796422003639
1991,16867.776290640257,0.0033419918338753103,91,0.05745897153357368,0.0534532425942731
1991,19881.84743166557,0.0033681516985606544,90,0.06772620681748233,0.05387165462600975
1991,22554.95108279038,0.004386520481747107,91,0.07683195875240097,0.07015987923096884
1991,26671.453196524773,0.004434481575385391,90,0.09085455270286784,0.0709269894157837
1991,31379.60930874834,0.004836336659620097,91,0.10689257712094045,0.07735443100543937
1991,37274.07038799011,0.005440786791625217,90,0.12697167145573113,0.08702226418645113
1991,45985.28340457008,0.006419710451538653,91,0.15664584617313637,0.10267958666828066
1991,56401.71365354524,0.006863042200085356,90,0.1921287313409596,0.10977042371480061
1991,88007.94797837964,0.008021381575248414,91,0.2997932916874133,0.12829739765874706
2507,-107680.65366133014,-0.00940135902456306,72,-0.3299719748069558,-0.13942598301938014
2507,-73796.1480294367,-0.006869300135900472,71,-0.22613774963704908,-0.1018745185244745
2507,-59253.69623106831,-0.0061534563589705415,71,-0.18157448432167664,-0.0912582637866229
2507,-48728.52108078061,-0.005151845104795204,71,-0.14932158919668406,-0.07640396098297467
2507,-40809.37663341202,-0.0044923117038799245,71,-0.1250545027402972,-0.06662281205371105
2507,-33964.55752374062,-0.0030480682483976992,71,-0.10407953275248256,-0.045204093443581776
2507,-28627.649257728353,-0.004315551395578292,71,-0.08772534005378009,-0.06400138469630735
2507,-24016.345415060023,-0.0029836305320739163,71,-0.07359465841633564,-0.04424845586836589
2507,-20751.394490236617,-0.002264576042406654,71,-0.06358968289213277,-0.03358458495306318
2507,-17596.18350011673,-0.003139664832548741,71,-0.05392098971520458,-0.04656250808907181
2507,-13953.622841351009,-0.0026146933902577124,71,-0.042758883124476406,-0.038776967806300806
2507,-11197.062319000392,-0.0019422327256018734,71,-0.034311797336014346,-0.02880410229116177
2507,-8847.37367062209,-0.002256046790952932,71,-0.0271115122604297,-0.03345809268048347
2507,-6197.284776496974,-0.0016848324791876004,71,-0.01899069356110491,-0.02498675181109023
2507,-3559.0995309554587,-0.0002766203579079659,71,-0.010906351891747755,-0.00410239256087589
2507,-715.7656363990593,0.0008390209319072047,72,-0.002193361504698704,0.012443022109820477
2507,1979.6132440118838,0.0006767253751292321,71,0.006066241885334933,0.01003611290825447
2507,4423.5294994098285,0.001546027490900067,71,0.01355527399683,0.022928217306725597
2507,6753.878043421531,0.0012428162991684883,71,0.020696294086422918,0.018431471851180364
2507,9851.756805926621,0.001148781369365572,71,0.030189300845012333,0.01703689554666152
2507,12622.983856210165,0.002086762841077071,71,0.03868133011237274,0.030947542763266334
2507,15534.845161315528,0.0028452902785310796,71,0.04760431295599034,0.04219681356952743
2507,18739.277750576646,0.0037845983651278157,71,0.057423838689367054,0.056127135025141627
2507,22094.654150421607,0.0031039244790384236,71,0.06770591015932417,0.04603246409132461
2507,26628.73361755175,0.004691685932092694,71,0.0815999487338493,0.06957961305287165
2507,31872.683553237286,0.004497684671058817,71,0.09766928391367803,0.06670249534510442
2507,37416.84387286251,0.005533679896612375,71,0.11465857091287159,0.0820667264470969
2507,43611.88178528976,0.006308348825620579,71,0.13364237928012782,0.09355538214669762
2507,52978.16792802691,0.006576096476713744,71,0.1623440246550378,0.09752618885211749
2507,68189.32040453285,0.00757772129941325,71,0.20895642763643682,0.11238069288250489
2507,102059.05021789629,0.009256001943665418,72,0.3127453744220289,0.13727027831328067
3155,-124449.91574505006,-0.01041168012637393,56,-0.3329518227451322,-0.13804930348667288
3155,-88479.77196067732,-0.009088620986071312,56,-0.23671772836497793,-0.12050675602329214
3155,-68916.4930027972,-0.0074511322346291365,56,-0.1843783647832332,-0.09879516107799279
3155,-57434.32428866323,-0.0048231747855768115,56,-0.1536591073249163,-0.06395086207621055
3155,-48265.23271392882,-0.005395780063121517,56,-0.12912822890327877,-0.0715430814662015
3155,-40588.9219552556,-0.0038380745820885925,56,-0.10859111850222193,-0.05088933931470689
3155,-34501.60246394894,-0.0033399611077406916,56,-0.09230517641757945,-0.044284812729524246
3155,-29502.78212694495,-0.0028793765882951794,56,-0.07893139200947617,-0.038177885573249706
3155,-26192.220787214374,-0.004180245862092599,56,-0.07007435562038804,-0.0554262158134423
3155,-23011.14392321309,-0.003525428213495901,56,-0.0615637404558798,-0.04674393598901999
3155,-19220.64303929278,-0.0037802968615998755,55,-0.051422679524960685,-0.0501232598756824
3155,-15044.088335648335,-0.002566259441949944,56,-0.040248774801537976,-0.03402624016750975
3155,-11399.980641568762,-0.002843531390130954,56,-0.03049937246759856,-0.03770261121024097
3155,-7936.812621552787,-0.0012927870169021003,56,-0.021234053983179804,-0.017141166946520823
3155,-4050.015617996214,0.00107312519330059,56,-0.01083536356039459,0.01422865317518564
3155,-741.478585368635,-0.0019430845731389329,56,-0.0019837429784261506,-0.025763514503105378
3155,2715.8833142768176,0.0016076948374845587,56,0.0072660418806874405,0.021316555045872158
3155,5865.46435861998,0.002810712207769596,56,0.015692393504306623,0.03726745903393555
3155,8966.987133719947,0.0016859780957578943,56,0.023990170606627788,0.022354519058224605
3155,12261.11084248338,0.0026138897630709917,56,0.032803229953551165,0.03465777442286506
3155,15522.683433144015,0.0029105146328181225,55,0.04152920242669214,0.038590747407857985
3155,18796.007890640478,0.0029783277798694735,56,0.0502866157044349,0.03948988737413149
3155,23281.130082029435,0.003890749795528059,56,0.062286058210421415,0.05158776420272376
3155,28359.514647499822,0.00379041925254204,56,0.07587270780798343,0.050257473470628124
3155,33409.66238756336,0.0052137263025691894,56,0.08938381293907102,0.06912921602504996
3155,38707.804930185965,0.006557571224909028,56,0.10355840041202309,0.08694736384282455
3155,45363.85177969588,0.006912559822813659,56,0.1213659088989018,0.09165418618961443
3155,52721.071409110446,0.006175688328935304,56,0.1410493266921941,0.08188394783668891
3155,62819.30335232279,0.007794833659543683,56,0.1680660161922784,0.10335232589106073
3155,79956.04380042572,0.007238833863123263,56,0.2139134475380328,0.09598027990972666
3155,116473.85675281093,0.01070104696210285,56,0.3116127694891291,0.14188604161535684
3972,-136355.99132532763,-0.00953144171101356,44,-0.3950840197299657,-0.12966070103640986
3972,-101495.94869585904,-0.009504688585588098,43,-0.2940789547075665,-0.12929676564208517
3972,-84717.16080208696,-0.007008315255236496,43,-0.24546333538027232,-0.09533742078369166
3972,-68365.19895043917,-0.007606251563721215,43,-0.19808442114241978,-0.10347143065164975
3972,-57051.75226082313,-0.006407578414863896,43,-0.1653043287409799,-0.08716531395843508
3972,-48719.81694361638,-0.003738215856660746,43,-0.1411630023111183,-0.05085271497175357
3972,-42035.84105670779,-0.005480611989611031,43,-0.12179654810906151,-0.07455535208911779
3972,-35591.80700312671,-0.004934907877212513,44,-0.10312531223288114,-0.06713188144141034
3972,-31195.160701400957,-0.004116129791872602,43,-0.0903862702785578,-0.055993656631647216
3972,-26282.672295410008,-0.0033598505931010272,43,-0.07615260406813694,-0.0457056336792885
3972,-22642.179876988117,-0.0026007438928066953,43,-0.06560447659323203,-0.035379146888956714
3972,-19020.383834392585,-0.002625981178013149,43,-0.05511052084370613,-0.035722461593210054
3972,-14359.212472781051,-0.0029226112743916967,43,-0.0416050320104214,-0.03975766082235694
3972,-9484.139961345485,-0.0010313524985515253,43,-0.02747977630605204,-0.014029974901207618
3972,-4868.215256701759,-0.0007339025091757617,43,-0.014105387184194977,-0.00998362228057842
3972,-1430.7175777591065,-0.0004762923818259036,44,-0.004145425853498186,-0.006479230110014591
3972,2863.141011880357,0.0009482374289164298,43,0.008295794332414494,0.012899321373407728
3972,6816.88311645312,0.0019539249135387972,43,0.0197515456233376,0.02658016297463213
3972,11147.56166780754,0.001216139736512777,43,0.03229944963252242,0.016543722930422597
3972,15143.352558966066,0.001526630077063138,43,0.04387703498051628,0.020767469603947857
3972,19407.422699789407,0.0015680871323518952,43,0.05623194476682419,0.02133142949738499
3972,23567.833210388857,0.004550058270853747,43,0.06828650644965299,0.06189659057283116
3972,27793.961458662427,0.005361515456005378,43,0.08053148167951767,0.07293522572140661
3972,32496.59606547826,0.005826817133583775,44,0.09415710799577724,0.07926494409323694
3972,37680.37568054346,0.0064652781896574335,43,0.10917682563200405,0.08795023123288352
3972,43878.25775891936,0.007618281839522248,43,0.12713484963620658,0.10363508417241994
3972,50780.70148980205,0.007124161209266532,43,0.1471343024556332,0.0969133279829572
3972,60512.663095519085,0.00693333534584405,43,0.1753321284086626,0.09431743368098112
3972,73078.45364358622,0.008723744376737758,43,0.21174081857740204,0.11867321291418499
3972,87652.3862658635,0.009816963163202125,43,0.25396799046562013,0.1335447841346599
3972,133138.71140229428,0.011813453425978919,44,0.3857621272906679,0.16070398364850527
5000,-159538.89847077162,-0.011133776757945527,34,-0.334834380030269,-0.1236803959640505
5000,-119492.5706970659,-0.010489839579911632,33,-0.2507866182547652,-0.11652717142159062
5000,-100715.42548489707,-0.008370393459922524,33,-0.2113778355934838,-0.09298314489369623
5000,-82830.45541732019,-0.008798010797679615,33,-0.17384151735486847,-0.0977333642311863
5000,-69006.28895461137,-0.00790328864935645,34,-0.14482786456332455,-0.08779427599650944
5000,-59409.05556995498,-0.006739496048227609,33,-0.12468554365501046,-0.07486619841268982
5000,-50806.23016266931,-0.005109809003604931,33,-0.10663024968364791,-0.056762697385280225
5000,-41744.578061743174,-0.005606046764851446,33,-0.08761198710099971,-0.06227519185482159
5000,-35112.496327992805,-0.0033032815447798986,34,-0.07369281756356423,-0.036694751324842144
5000,-29131.892005350874,-0.004017704907181647,33,-0.06114094488691397,-0.04463097694430762
5000,-24103.828299184363,-0.002281339096328718,33,-0.05058822946801317,-0.025342426823929808
5000,-19728.458301383354,-0.003899588769713686,33,-0.041405363629904476,-0.04331887495327782
5000,-14825.804158976813,-0.00022765241954976267,33,-0.03111585319695968,-0.002528894013614509
5000,-10841.72004780308,-0.003222910070064412,34,-0.022754203805242842,-0.03580193875700148
5000,-5353.048036700192,0.0010645664027566907,33,-0.011234780594709521,0.01182581590106071
5000,300.4940258499127,0.003457682172666062,33,0.0006306658239005486,0.03840992230493484
5000,4508.72281109754,0.0006882301209375799,33,0.009462741824425705,0.007645256027897332
5000,9037.599391110325,0.0020443022941367293,34,0.01896778163877545,0.022709285690375485
5000,13674.86424265073,0.0036232540783266935,33,0.028700302776159103,0.04024919026385232
5000,18679.186182593916,0.0030498136377393433,33,0.039203189848177666,0.033879084028065866
5000,23244.805296812727,0.0029840204276177424,33,0.04878534354371589,0.03314821520821294
5000,28438.91221301809,0.004167397886000455,33,0.05968654435285386,0.046293852650894425
5000,33988.24712918105,0.0061176639277778725,34,0.07133328464029645,0.0679585295638867
5000,38704.96375290338,0.004855759771005382,33,0.08123255623876414,0.053940572389837675
5000,44601.93302156563,0.005353113559210367,33,0.09360889873615084,0.05946546432873117
5000,50107.4613240468,0.007425578015129418,33,0.10516369931187446,0.08248759151001903
5000,58497.47490351884,0.00546252594607652,34,0.12277235163588891,0.06068088005200051
5000,70427.58850515775,0.010405223411756849,33,0.14781083585375054,0.1155872063576355
5000,85004.07055514179,0.009738138284338711,33,0.17840342096629552,0.1081768410795707
5000,102873.38588328716,0.00898045145768984,33,0.2159068836128118,0.09976002001570293
5000,150670.4183747708,0.01365759972874224,34,0.31622153975608824,0.15171647313333111
