date,requested_end_seconds,scheduled_close_seconds,end_gap_seconds,events_after_scheduled_close,coverage_status,analysis_status
2019-01-02,57600.0,57600.0,0.000836305,0,complete,included
2019-01-03,57600.0,57600.0,0.076227967,0,complete,included
2019-01-04,57600.0,57600.0,0.025908602,0,complete,included
2019-01-07,57600.0,57600.0,0.000259438,0,complete,included
2019-01-08,57600.0,57600.0,0.099101295,0,complete,included
2019-01-09,57600.0,57600.0,22827.026730488,0,incomplete,declared_source_exclusion
2019-01-10,57600.0,57600.0,0.026552926,0,complete,included
2019-01-11,57600.0,57600.0,0.024539759,0,complete,included
2019-01-14,57600.0,57600.0,0.037154464,0,complete,included
2019-01-15,57600.0,57600.0,0.027802139,0,complete,included
2019-01-16,57600.0,57600.0,0.000306108,0,complete,included
2019-01-17,57600.0,57600.0,0.024524865,0,complete,included
2019-01-18,57600.0,57600.0,0.001194082,0,complete,included
2019-01-22,57600.0,57600.0,0.003333866,0,complete,included
2019-01-23,57600.0,57600.0,0.024369089,0,complete,included
2019-01-24,57600.0,57600.0,0.095985248,0,complete,included
2019-01-25,57600.0,57600.0,0.029094893,0,complete,included
2019-01-28,57600.0,57600.0,0.026130727,0,complete,included
2019-01-29,57600.0,57600.0,0.010170376,0,complete,included
2019-01-30,57600.0,57600.0,0.009481284,0,complete,included
2019-01-31,57600.0,57600.0,0.015342686,0,complete,included
2019-02-01,57600.0,57600.0,0.010911724,0,complete,included
2019-02-04,57600.0,57600.0,0.00188014,0,complete,included
2019-02-05,57600.0,57600.0,0.015360151,0,complete,included
2019-02-06,57600.0,57600.0,0.087704188,0,complete,included
2019-02-07,57600.0,57600.0,0.192806227,0,complete,included
2019-02-08,57600.0,57600.0,0.015424078,0,complete,included
2019-02-11,57600.0,57600.0,0.010062183,0,complete,included
2019-02-12,57600.0,57600.0,0.006194275,0,complete,included
2019-02-13,57600.0,57600.0,0.00447046,0,complete,included
2019-02-14,57600.0,57600.0,0.015177514,0,complete,included
2019-02-15,57600.0,57600.0,0.068862111,0,complete,included
2019-02-19,57600.0,57600.0,0.199531723,0,complete,included
2019-02-20,57600.0,57600.0,0.021867315,0,complete,included
2019-02-21,57600.0,57600.0,0.018085981,0,complete,included
2019-02-22,57600.0,57600.0,0.334873018,0,complete,included
2019-02-25,57600.0,57600.0,0.012798103,0,complete,included
2019-02-26,57600.0,57600.0,0.026615036,0,complete,included
2019-02-27,57600.0,57600.0,0.000239416,0,complete,included
2019-02-28,57600.0,57600.0,0.00557398,0,complete,included
2019-03-01,57600.0,57600.0,0.046030221,0,complete,included
2019-03-04,57600.0,57600.0,0.005647777,0,complete,included
2019-03-05,57600.0,57600.0,0.100538229,0,complete,included
2019-03-06,57600.0,57600.0,0.000775946,0,complete,included
2019-03-07,57600.0,57600.0,0.081293989,0,complete,included
2019-03-08,57600.0,57600.0,958.147947646,0,incomplete,declared_source_exclusion
2019-03-11,57600.0,57600.0,0.229590182,0,complete,included
2019-03-12,57600.0,57600.0,0.114951243,0,complete,included
2019-03-13,57600.0,57600.0,0.007173436,0,complete,included
2019-03-14,57600.0,57600.0,0.090313411,0,complete,included
2019-03-15,57600.0,57600.0,0.37495468,0,complete,included
2019-03-18,57600.0,57600.0,0.022033389,0,complete,included
2019-03-19,57600.0,57600.0,0.016125039,0,complete,included
2019-03-20,57600.0,57600.0,0.018075755,0,complete,included
2019-03-21,57600.0,57600.0,0.004965266,0,complete,included
2019-03-22,57600.0,57600.0,0.021257275,0,complete,included
2019-03-25,57600.0,57600.0,0.147070983,0,complete,included
2019-03-26,57600.0,57600.0,0.023117121,0,complete,included
2019-03-27,57600.0,57600.0,0.00279419,0,complete,included
2019-03-28,57600.0,57600.0,0.002384568,0,complete,included
2019-03-29,57600.0,57600.0,0.018683305,0,complete,included
2019-04-01,57600.0,57600.0,0.085751881,0,complete,included
2019-04-02,57600.0,57600.0,0.050387143,0,complete,included
2019-04-03,57600.0,57600.0,0.049037904,0,complete,included
2019-04-04,57600.0,57600.0,0.024111613,0,complete,included
2019-04-05,57600.0,57600.0,0.020509866,0,complete,included
2019-04-08,57600.0,57600.0,0.089894201,0,complete,included
2019-04-09,57600.0,57600.0,0.020427683,0,complete,included
2019-04-10,57600.0,57600.0,0.040216754,0,complete,included
2019-04-11,57600.0,57600.0,0.011370232,0,complete,included
2019-04-12,57600.0,57600.0,0.005281646,0,complete,included
2019-04-15,57600.0,57600.0,0.083820477,0,complete,included
2019-04-16,57600.0,57600.0,0.002991005,0,complete,included
2019-04-17,57600.0,57600.0,0.084951351,0,complete,included
2019-04-18,57600.0,57600.0,0.311093243,0,complete,included
2019-04-22,57600.0,57600.0,0.012005563,0,complete,included
2019-04-23,57600.0,57600.0,0.097236475,0,complete,included
2019-04-24,57600.0,57600.0,0.020028491,0,complete,included
2019-04-25,57600.0,57600.0,0.292049739,0,complete,included
2019-04-26,57600.0,57600.0,0.006557027,0,complete,included
2019-04-29,57600.0,57600.0,0.047122489,0,complete,included
2019-04-30,57600.0,57600.0,0.016423466,0,complete,included
2019-05-01,57600.0,57600.0,0.088766633,0,complete,included
2019-05-02,57600.0,57600.0,0.02295214,0,complete,included
2019-05-03,57600.0,57600.0,0.017125872,0,complete,included
2019-05-06,57600.0,57600.0,0.202479544,0,complete,included
2019-05-07,57600.0,57600.0,0.007590007,0,complete,included
2019-05-08,57600.0,57600.0,0.007996471,0,complete,included
2019-05-09,57600.0,57600.0,0.008500304,0,complete,included
2019-05-10,57600.0,57600.0,0.093134019,0,complete,included
2019-05-13,57600.0,57600.0,0.101570027,0,complete,included
2019-05-14,57600.0,57600.0,0.085927388,0,complete,included
2019-05-15,57600.0,57600.0,0.003556963,0,complete,included
2019-05-16,57600.0,57600.0,0.070317843,0,complete,included
2019-05-17,57600.0,57600.0,0.291941929,0,complete,included
2019-05-20,57600.0,57600.0,0.089418289,0,complete,included
2019-05-21,57600.0,57600.0,0.039112366,0,complete,included
2019-05-22,57600.0,57600.0,0.291988845,0,complete,included
2019-05-23,57600.0,57600.0,0.022685292,0,complete,included
2019-05-24,57600.0,57600.0,0.294530346,0,complete,included
2019-05-28,57600.0,57600.0,0.049672197,0,complete,included
2019-05-29,57600.0,57600.0,0.03221665,0,complete,included
2019-05-30,57600.0,57600.0,0.010553852,0,complete,included
2019-05-31,57600.0,57600.0,0.022705255,0,complete,included
2019-06-03,57600.0,57600.0,0.028708287,0,complete,included
2019-06-04,57600.0,57600.0,0.102722638,0,complete,included
2019-06-05,57600.0,57600.0,0.018373421,0,complete,included
2019-06-06,57600.0,57600.0,0.02268658,0,complete,included
2019-06-07,57600.0,57600.0,0.056916376,0,complete,included
2019-06-10,57600.0,57600.0,0.084082137,0,complete,included
2019-06-11,57600.0,57600.0,0.044942911,0,complete,included
2019-06-12,57600.0,57600.0,0.035315836,0,complete,included
2019-06-13,57600.0,57600.0,0.164451098,0,complete,included
2019-06-14,57600.0,57600.0,0.291376448,0,complete,included
2019-06-17,57600.0,57600.0,0.091275725,0,complete,included
2019-06-18,57600.0,57600.0,0.001379097,0,complete,included
2019-06-19,57600.0,57600.0,0.095494012,0,complete,included
2019-06-20,57600.0,57600.0,0.051500387,0,complete,included
2019-06-21,57600.0,57600.0,0.0154343,0,complete,included
2019-06-24,57600.0,57600.0,0.021185463,0,complete,included
2019-06-25,57600.0,57600.0,0.086064851,0,complete,included
2019-06-26,57600.0,57600.0,0.291207392,0,complete,included
2019-06-27,57600.0,57600.0,0.019528814,0,complete,included
2019-06-28,57600.0,57600.0,0.058584496,0,complete,included
2019-07-01,57600.0,57600.0,0.121314161,0,complete,included
2019-07-02,57600.0,57600.0,0.29112189,0,complete,included
2019-07-03,57600.0,46800.0,0.015813017,909,complete,included
2019-07-05,57600.0,57600.0,0.173202247,0,complete,included
2019-07-08,57600.0,57600.0,0.028339578,0,complete,included
2019-07-09,57600.0,57600.0,0.022931542,0,complete,included
2019-07-10,57600.0,57600.0,0.291333581,0,complete,included
2019-07-11,57600.0,57600.0,0.096095645,0,complete,included
2019-07-12,57600.0,57600.0,0.049337418,0,complete,included
2019-07-15,57600.0,57600.0,0.000540328,0,complete,included
2019-07-16,57600.0,57600.0,0.020337422,0,complete,included
2019-07-17,57600.0,57600.0,0.009640196,0,complete,included
2019-07-18,57600.0,57600.0,0.050432841,0,complete,included
2019-07-19,57600.0,57600.0,0.488290282,0,complete,included
2019-07-22,57600.0,57600.0,0.002931018,0,complete,included
2019-07-23,57600.0,57600.0,0.109195651,0,complete,included
2019-07-24,57600.0,57600.0,0.291461426,0,complete,included
2019-07-25,57600.0,57600.0,0.098853476,0,complete,included
2019-07-26,57600.0,57600.0,0.017516117,0,complete,included
2019-07-29,57600.0,57600.0,0.16825637,0,complete,included
2019-07-30,57600.0,57600.0,0.13532869,0,complete,included
2019-07-31,57600.0,57600.0,0.053563147,0,complete,included
2019-08-01,57600.0,57600.0,0.002023681,0,complete,included
2019-08-02,57600.0,57600.0,0.067314656,0,complete,included
2019-08-05,57600.0,57600.0,0.010060832,0,complete,included
2019-08-06,57600.0,57600.0,0.294360964,0,complete,included
2019-08-07,57600.0,57600.0,0.084571029,0,complete,included
2019-08-08,57600.0,57600.0,0.007927177,0,complete,included
2019-08-09,57600.0,57600.0,0.003720092,0,complete,included
2019-08-12,57600.0,57600.0,0.039510534,0,complete,included
2019-08-13,57600.0,57600.0,0.024278796,0,complete,included
2019-08-14,57600.0,57600.0,0.037884393,0,complete,included
2019-08-15,57600.0,57600.0,0.064776409,0,complete,included
2019-08-16,57600.0,57600.0,0.081026426,0,complete,included
2019-08-19,57600.0,57600.0,0.263712917,0,complete,included
2019-08-20,57600.0,57600.0,0.009462056,0,complete,included
2019-08-21,57600.0,57600.0,0.097709511,0,complete,included
2019-08-22,57600.0,57600.0,0.060189185,0,complete,included
2019-08-23,57600.0,57600.0,0.10019458,0,complete,included
2019-08-26,57600.0,57600.0,0.008966418,0,complete,included
2019-08-27,57600.0,57600.0,0.014005331,0,complete,included
2019-08-28,57600.0,57600.0,0.412820747,0,complete,included
2019-08-29,57600.0,57600.0,0.018536088,0,complete,included
2019-08-30,57600.0,57600.0,0.01046915,0,complete,included
2019-09-03,57600.0,57600.0,0.178250451,0,complete,included
2019-09-04,57600.0,57600.0,0.044121186,0,complete,included
2019-09-05,57600.0,57600.0,0.044590464,0,complete,included
2019-09-06,57600.0,57600.0,0.098571545,0,complete,included
2019-09-09,57600.0,57600.0,0.024000262,0,complete,included
2019-09-10,57600.0,57600.0,0.100637878,0,complete,included
2019-09-11,57600.0,57600.0,0.089183015,0,complete,included
2019-09-12,57600.0,57600.0,0.098565543,0,complete,included
2019-09-13,57600.0,57600.0,0.3938393,0,complete,included
2019-09-16,57600.0,57600.0,0.397259003,0,complete,included
2019-09-17,57600.0,57600.0,0.100758388,0,complete,included
2019-09-18,57600.0,57600.0,5403.079350652,0,incomplete,declared_source_exclusion
2019-09-19,57600.0,57600.0,0.004374592,0,complete,included
2019-09-20,57600.0,57600.0,0.010035243,0,complete,included
2019-09-23,57600.0,57600.0,0.00996399,0,complete,included
2019-09-24,57600.0,57600.0,0.030150151,0,complete,included
2019-09-25,57600.0,57600.0,0.08721734,0,complete,included
2019-09-26,57600.0,57600.0,0.017692142,0,complete,included
2019-09-27,57600.0,57600.0,0.019092975,0,complete,included
2019-09-30,57600.0,57600.0,0.003577942,0,complete,included
2019-10-01,57600.0,57600.0,0.058897795,0,complete,included
2019-10-02,57600.0,57600.0,0.008681206,0,complete,included
2019-10-03,57600.0,57600.0,0.086834665,0,complete,included
2019-10-04,57600.0,57600.0,0.017442703,0,complete,included
2019-10-07,57600.0,57600.0,0.03825086,0,complete,included
2019-10-08,57600.0,57600.0,0.019588042,0,complete,included
2019-10-09,57600.0,57600.0,0.036191392,0,complete,included
2019-10-10,57600.0,57600.0,0.008968133,0,complete,included
2019-10-11,57600.0,57600.0,0.004431489,0,complete,included
2019-10-14,57600.0,57600.0,0.130377569,0,complete,included
2019-10-15,57600.0,57600.0,0.086158991,0,complete,included
2019-10-16,57600.0,57600.0,0.087589297,0,complete,included
2019-10-17,57600.0,57600.0,0.158459055,0,complete,included
2019-10-18,57600.0,57600.0,0.129891414,0,complete,included
2019-10-21,57600.0,57600.0,0.071306278,0,complete,included
2019-10-22,57600.0,57600.0,0.100179284,0,complete,included
2019-10-23,57600.0,57600.0,0.093578497,0,complete,included
2019-10-24,57600.0,57600.0,0.028554682,0,complete,included
2019-10-25,57600.0,57600.0,0.04946228,0,complete,included
2019-10-28,57600.0,57600.0,0.04243997,0,complete,included
2019-10-29,57600.0,57600.0,0.004463704,0,complete,included
2019-10-30,57600.0,57600.0,0.055756462,0,complete,included
2019-10-31,57600.0,57600.0,0.000948688,0,complete,included
2019-11-01,57600.0,57600.0,0.087508545,0,complete,included
2019-11-04,57600.0,57600.0,0.019051906,0,complete,included
2019-11-05,57600.0,57600.0,0.086527933,0,complete,included
2019-11-06,57600.0,57600.0,0.035100911,0,complete,included
2019-11-07,57600.0,57600.0,0.02067162,0,complete,included
2019-11-08,57600.0,57600.0,0.24659842,0,complete,included
2019-11-11,57600.0,57600.0,0.373544975,0,complete,included
2019-11-12,57600.0,57600.0,0.010266183,0,complete,included
2019-11-13,57600.0,57600.0,0.395892938,0,complete,included
2019-11-14,57600.0,57600.0,0.022871748,0,complete,included
2019-11-15,57600.0,57600.0,0.02212913,0,complete,included
2019-11-18,57600.0,57600.0,0.364901599,0,complete,included
2019-11-19,57600.0,57600.0,0.022994763,0,complete,included
2019-11-20,57600.0,57600.0,0.036935103,0,complete,included
2019-11-21,57600.0,57600.0,0.002504935,0,complete,included
2019-11-22,57600.0,57600.0,0.093312975,0,complete,included
2019-11-25,57600.0,57600.0,0.029823135,0,complete,included
2019-11-26,57600.0,57600.0,0.047570527,0,complete,included
2019-11-27,57600.0,57600.0,0.000203286,0,complete,included
2019-11-29,57600.0,46800.0,0.001205422,301,complete,included
2019-12-02,57600.0,57600.0,0.059168988,0,complete,included
2019-12-03,57600.0,57600.0,0.023173478,0,complete,included
2019-12-04,57600.0,57600.0,0.013039806,0,complete,included
2019-12-05,57600.0,57600.0,0.011111804,0,complete,included
2019-12-06,57600.0,57600.0,0.023352014,0,complete,included
2019-12-09,57600.0,57600.0,0.394543176,0,complete,included
2019-12-10,57600.0,57600.0,0.033924941,0,complete,included
2019-12-11,57600.0,57600.0,0.087566501,0,complete,included
2019-12-12,57600.0,57600.0,0.056157545,0,complete,included
2019-12-13,57600.0,57600.0,0.010879949,0,complete,included
2019-12-16,57600.0,57600.0,0.074389908,0,complete,included
2019-12-17,57600.0,57600.0,0.001795934,0,complete,included
2019-12-18,57600.0,57600.0,0.033420772,0,complete,included
2019-12-19,57600.0,57600.0,0.027862038,0,complete,included
2019-12-20,57600.0,57600.0,0.012402961,0,complete,included
2019-12-23,57600.0,57600.0,0.011268918,0,complete,included
2019-12-24,57600.0,46800.0,0.528189307,774,complete,included
2019-12-26,57600.0,57600.0,0.121048018,0,complete,included
2019-12-27,57600.0,57600.0,0.022129708,0,complete,included
2019-12-30,57600.0,57600.0,0.030005185,0,complete,included
2019-12-31,57600.0,57600.0,0.004030051,0,complete,included
